,,,,,Stenter 01,,,Stenter 02,,,Stenter 03,,,Stenter 04,,,Stenter 05,,,Stenter 06,,,Stenter 07,,,Stenter 08,,,
Date,Time,Zone,DIN,Status,STR1,SPD1,RT1,STR2,SPD2,RT2,STR3,SPD3,RT3,STR4,SPD4,RT4,STR5,SPD5,RT5,STR6,SPD6,RT6,STR7,SPD7,RT7,STR8,SPD8,RT8,
29/05/16,08:01:31,+22,1,0,57,36,0:1:34,0,0,0:0:0,121,77,0:1:34,0,0,0:0:0,0,0,0:0:0,0,0,0:0:0,0,0,0:0:0,0,0,0:0:0
29/05/16,08:02:31,+22,1,0,95,36,0:2:36,0,0,0:0:0,201,77,0:2:36,0,0,0:0:0,0,0,0:0:0,0,0,0:0:0,0,0,0:0:0,0,0,0:0:0
29/05/16,08:03:31,+22,1,0,134,36,0:3:38,0,0,0:0:0,281,77,0:3:38,0,0,0:0:0,0,0,0:0:0,0,0,0:0:0,0,0,0:0:0,0,0,0:0:0
29/05/16,08:04:31,+22,1,0,172,36,0:4:40,0,0,0:0:0,361,77,0:4:40,0,0,0:0:0,0,0,0:0:0,0,0,0:0:0,0,0,0:0:0,0,0,0:0:0
29/05/16,08:05:31,+22,1,0,210,36,0:5:42,0,0,0:0:0,442,77,0:5:42,0,0,0:0:0,0,0,0:0:0,0,0,0:0:0,0,0,0:0:0,0,0,0:0:0
29/05/16,08:06:31,+22,1,0,249,36,0:6:45,0,0,0:0:0,522,77,0:6:45,0,0,0:0:0,0,0,0:0:0,0,0,0:0:0,0,0,0:0:0,0,0,0:0:0
29/05/16,08:07:31,+22,1,0,287,36,0:7:47,0,0,0:0:0,602,77,0:7:47,0,0,0:0:0,0,0,0:0:0,0,0,0:0:0,0,0,0:0:0,0,0,0:0:0
29/05/16,08:08:31,+22,1,0,325,36,0:8:49,0,0,0:0:0,682,77,0:8:49,0,0,0:0:0,0,0,0:0:0,0,0,0:0:0,0,0,0:0:0,0,0,0:0:0
29/05/16,08:09:31,+22,1,0,364,36,0:9:52,0,0,0:0:0,763,77,0:9:52,0,0,0:0:0,0,0,0:0:0,0,0,0:0:0,0,0,0:0:0,0,0,0:0:0
29/05/16,08:10:31,+22,1,0,402,36,0:10:54,0,0,0:0:0,843,77,0:10:54,0,0,0:0:0,0,0,0:0:0,0,0,0:0:0,0,0,0:0:0,0,0,0:0:0
29/05/16,08:11:31,+22,1,0,440,36,0:11:56,0,0,0:0:0,923,77,0:11:56,0,0,0:0:0,0,0,0:0:0,0,0,0:0:0,0,0,0:0:0,0,0,0:0:0
29/05/16,08:12:31,+22,1,0,478,36,0:12:58,0,0,0:0:0,1004,77,0:12:58,0,0,0:0:0,0,0,0:0:0,0,0,0:0:0,0,0,0:0:0,0,0,0:0:0
29/05/16,08:13:31,+22,1,0,516,36,0:14:0,0,0,0:0:0,1084,77,0:14:0,0,0,0:0:0,0,0,0:0:0,0,0,0:0:0,0,0,0:0:0,0,0,0:0:0
29/05/16,08:14:31,+22,1,0,554,36,0:15:3,0,0,0:0:0,1164,77,0:15:3,0,0,0:0:0,0,0,0:0:0,0,0,0:0:0,0,0,0:0:0,0,0,0:0:0
29/05/16,08:15:31,+22,1,0,592,36,0:16:5,0,0,0:0:0,1244,77,0:16:5,0,0,0:0:0,0,0,0:0:0,0,0,0:0:0,0,0,0:0:0,0,0,0:0:0
29/05/16,08:16:31,+22,1,0,631,36,0:17:7,0,0,0:0:0,1325,77,0:17:7,0,0,0:0:0,0,0,0:0:0,0,0,0:0:0,0,0,0:0:0,0,0,0:0:0
29/05/16,08:17:31,+22,1,0,668,36,0:18:9,0,0,0:0:0,1405,77,0:18:9,0,0,0:0:0,0,0,0:0:0,0,0,0:0:0,0,0,0:0:0,0,0,0:0:0
29/05/16,08:18:31,+22,1,0,706,36,0:19:11,0,0,0:0:0,1485,77,0:19:11,0,0,0:0:0,0,0,0:0:0,0,0,0:0:0,0,0,0:0:0,0,0,0:0:0
29/05/16,08:19:31,+22,1,0,745,36,0:20:14,0,0,0:0:0,1566,77,0:20:14,0,0,0:0:0,0,0,0:0:0,0,0,0:0:0,0,0,0:0:0,0,0,0:0:0
29/05/16,08:20:31,+22,1,0,783,36,0:21:16,0,0,0:0:0,1646,77,0:21:16,0,0,0:0:0,0,0,0:0:0,0,0,0:0:0,0,0,0:0:0,0,0,0:0:0
29/05/16,08:21:31,+22,1,0,821,36,0:22:18,0,0,0:0:0,1728,77,0:22:18,0,0,0:0:0,0,0,0:0:0,0,0,0:0:0,0,0,0:0:0,0,0,0:0:0
29/05/16,08:22:31,+22,1,0,858,36,0:23:20,0,0,0:0:0,1808,77,0:23:20,0,0,0:0:0,0,0,0:0:0,0,0,0:0:0,0,0,0:0:0,0,0,0:0:0
29/05/16,08:23:31,+22,1,0,896,36,0:24:22,0,0,0:0:0,1884,77,0:24:22,0,0,0:0:0,0,0,0:0:0,0,0,0:0:0,0,0,0:0:0,0,0,0:0:0
29/05/16,08:24:31,+22,1,0,934,36,0:25:25,0,0,0:0:0,1959,77,0:25:25,0,0,0:0:0,0,0,0:0:0,0,0,0:0:0,0,0,0:0:0,0,0,0:0:0
29/05/16,08:25:31,+22,1,0,970,36,0:26:27,0,0,0:0:0,2035,76,0:26:27,0,0,0:0:0,0,0,0:0:0,0,0,0:0:0,0,0,0:0:0,0,0,0:0:0
29/05/16,08:26:31,+22,1,0,987,36,0:27:13,0,0,0:0:0,2106,76,0:27:29,0,0,0:0:0,0,0,0:0:0,0,0,0:0:0,0,0,0:0:0,0,0,0:0:0
29/05/16,08:27:31,+22,1,0,987,36,0:27:15,0,0,0:0:0,2129,76,0:27:58,0,0,0:0:0,0,0,0:0:0,0,0,0:0:0,0,0,0:0:0,0,0,0:0:0
29/05/16,08:28:31,+22,1,0,987,36,0:27:20,0,0,0:0:0,2132,75,0:28:7,0,0,0:0:0,0,0,0:0:0,0,0,0:0:0,0,0,0:0:0,0,0,0:0:0
29/05/16,08:29:31,+22,1,0,1009,35,0:28:10,0,0,0:0:0,2133,75,0:28:9,0,0,0:0:0,0,0,0:0:0,0,0,0:0:0,0,0,0:0:0,0,0,0:0:0
29/05/16,08:30:31,+22,1,0,1037,35,0:29:12,0,0,0:0:0,2160,74,0:29:11,0,0,0:0:0,0,0,0:0:0,0,0,0:0:0,0,0,0:0:0,0,0,0:0:0
29/05/16,08:31:31,+22,1,0,1070,35,0:30:14,0,0,0:0:0,2192,72,0:30:13,0,0,0:0:0,0,0,0:0:0,0,0,0:0:0,0,0,0:0:0,0,0,0:0:0
29/05/16,08:32:31,+22,1,0,1103,35,0:31:16,0,0,0:0:0,2206,72,0:30:35,0,0,0:0:0,0,0,0:0:0,0,0,0:0:0,0,0,0:0:0,0,0,0:0:0
29/05/16,08:33:31,+22,1,0,1137,35,0:32:19,0,0,0:0:5,2206,72,0:30:36,0,0,0:0:0,0,0,0:0:0,0,0,0:0:0,0,0,0:0:0,0,0,0:0:0
29/05/16,08:34:31,+22,1,0,1170,35,0:33:21,0,0,0:0:5,2212,71,0:30:49,0,0,0:0:0,0,0,0:0:0,0,0,0:0:0,0,0,0:0:0,0,0,0:0:0
29/05/16,08:35:31,+22,1,0,1201,34,0:34:20,0,0,0:0:5,2250,70,0:31:51,0,0,0:0:0,0,0,0:0:0,0,0,0:0:0,0,0,0:0:0,0,0,0:0:0
29/05/16,08:36:31,+22,1,0,1212,34,0:34:44,0,0,0:0:5,2288,69,0:32:53,0,0,0:0:0,0,0,0:0:0,0,0,0:0:0,0,0,0:0:0,0,0,0:0:0
29/05/16,08:37:31,+22,1,0,1243,34,0:35:47,0,0,0:0:5,2334,68,0:33:56,0,0,0:0:0,0,0,0:0:0,0,0,0:0:0,0,0,0:0:0,0,0,0:0:0
29/05/16,08:38:31,+22,1,0,1277,34,0:36:49,0,0,0:0:5,2380,68,0:34:58,0,0,0:0:0,0,0,0:0:0,0,0,0:0:0,0,0,0:0:0,0,0,0:0:0
29/05/16,08:39:31,+22,1,0,1295,34,0:37:35,0,0,0:0:7,2426,67,0:36:0,0,0,0:0:0,0,0,0:0:0,0,0,0:0:0,0,0,0:0:0,0,0,0:0:0
29/05/16,08:40:31,+22,1,0,1324,34,0:38:37,0,0,0:0:7,2469,66,0:37:2,0,0,0:0:0,0,0,0:0:0,0,0,0:0:0,0,0,0:0:0,0,0,0:0:0
29/05/16,08:41:31,+22,1,0,1359,34,0:39:39,0,0,0:0:7,2512,65,0:38:4,0,0,0:0:0,0,0,0:0:0,0,0,0:0:0,0,0,0:0:0,0,0,0:0:0
29/05/16,08:42:31,+22,1,0,1393,34,0:40:42,0,0,0:0:7,2554,65,0:39:7,0,0,0:0:0,0,0,0:0:0,0,0,0:0:0,0,0,0:0:0,0,0,0:0:0
29/05/16,08:43:31,+22,1,0,1427,34,0:41:44,0,0,0:0:7,2597,64,0:40:9,0,0,0:0:0,0,0,0:0:0,0,0,0:0:0,0,0,0:0:0,0,0,0:0:0
29/05/16,08:44:31,+22,1,0,1461,34,0:42:46,0,0,0:0:7,2619,64,0:40:50,0,0,0:0:0,0,0,0:0:0,0,0,0:0:0,0,0,0:0:0,0,0,0:0:0
29/05/16,08:45:31,+22,1,0,1495,34,0:43:48,0,0,0:0:7,2654,63,0:41:52,0,0,0:0:0,0,0,0:0:0,0,0,0:0:0,0,0,0:0:0,0,0,0:0:0
29/05/16,08:46:31,+22,1,0,1528,34,0:44:51,0,0,0:0:7,2670,63,0:42:17,0,0,0:0:0,0,0,0:0:0,0,0,0:0:0,0,0,0:0:0,0,0,0:0:0
29/05/16,08:47:31,+22,1,0,1562,34,0:45:53,0,0,0:0:7,2681,62,0:42:52,0,0,0:0:0,0,0,0:0:0,0,0,0:0:0,0,0,0:0:0,0,0,0:0:0
29/05/16,08:48:31,+22,1,0,1596,34,0:46:55,0,0,0:0:7,2714,61,0:43:54,0,0,0:0:0,0,0,0:0:0,0,0,0:0:0,0,0,0:0:0,0,0,0:0:0
29/05/16,08:49:31,+22,1,0,1630,33,0:47:57,0,0,0:0:7,2752,61,0:44:56,0,0,0:0:0,0,0,0:0:0,0,0,0:0:0,0,0,0:0:0,0,0,0:0:0
29/05/16,08:50:31,+22,1,0,1664,33,0:48:59,0,0,0:0:7,2793,60,0:45:58,0,0,0:0:0,0,0,0:0:0,0,0,0:0:0,0,0,0:0:0,0,0,0:0:0
29/05/16,08:51:31,+22,1,0,1698,33,0:50:2,0,0,0:0:7,2834,60,0:47:1,0,0,0:0:0,0,0,0:0:0,0,0,0:0:0,0,0,0:0:0,0,0,0:0:0
29/05/16,08:52:31,+22,1,0,1736,33,0:51:4,0,0,0:0:7,2875,59,0:48:3,0,0,0:0:0,0,0,0:0:0,0,0,0:0:0,0,0,0:0:0,0,0,0:0:0
29/05/16,08:53:31,+22,1,0,1773,34,0:52:6,0,0,0:0:7,2902,59,0:48:47,0,0,0:0:0,0,0,0:0:0,0,0,0:0:0,0,0,0:0:0,0,0,0:0:0
29/05/16,08:54:31,+22,1,0,1811,34,0:53:8,0,0,0:0:7,2905,59,0:48:54,0,0,0:0:0,0,0,0:0:0,0,0,0:0:0,0,0,0:0:0,0,0,0:0:0
29/05/16,08:55:31,+22,1,0,1849,34,0:54:10,0,0,0:0:7,2940,58,0:49:56,0,0,0:0:0,0,0,0:0:0,0,0,0:0:0,0,0,0:0:0,0,0,0:0:0
29/05/16,08:56:31,+22,1,0,1886,34,0:55:13,0,0,0:0:7,2979,58,0:50:59,0,0,0:0:0,0,0,0:0:0,0,0,0:0:0,0,0,0:0:0,0,0,0:0:0
29/05/16,08:57:31,+22,1,0,1924,34,0:56:15,0,0,0:0:7,3017,58,0:52:1,0,0,0:0:0,0,0,0:0:0,0,0,0:0:0,0,0,0:0:0,0,0,0:0:0
29/05/16,08:58:31,+22,1,0,1962,34,0:57:17,0,0,0:0:7,3055,57,0:53:3,0,0,0:0:0,0,0,0:0:0,0,0,0:0:0,0,0,0:0:0,0,0,0:0:0
29/05/16,08:59:31,+22,1,0,2000,34,0:58:20,1,5,0:0:11,3094,57,0:54:6,0,0,0:0:0,0,0,0:0:0,0,0,0:0:0,0,0,0:0:0,0,0,0:0:0
29/05/16,09:00:31,+22,1,0,2037,34,0:59:22,1,4,0:0:15,3132,56,0:55:8,0,0,0:0:0,0,0,0:0:0,0,0,0:0:0,0,0,0:0:0,0,0,0:0:0
29/05/16,09:01:31,+22,1,0,2075,34,1:0:24,1,4,0:0:15,3171,56,0:56:10,0,0,0:0:0,0,0,0:0:0,0,0,0:0:0,0,0,0:0:0,0,0,0:0:0
29/05/16,09:02:31,+22,1,0,2088,34,1:0:47,10,14,0:0:41,3210,56,0:57:12,0,0,0:0:0,0,0,0:0:0,0,0,0:0:0,0,0,0:0:0,0,0,0:0:0
29/05/16,09:03:31,+22,1,0,2088,34,1:0:47,34,24,0:1:25,3249,55,0:58:14,0,0,0:0:0,0,0,0:0:0,0,0,0:0:0,0,0,0:0:0,0,0,0:0:0
29/05/16,09:04:31,+22,1,0,2088,34,1:0:48,39,19,0:1:59,3288,55,0:59:17,0,0,0:0:0,0,0,0:0:0,0,0,0:0:0,0,0,0:0:0,0,0,0:0:0
29/05/16,09:05:31,+22,1,0,2118,34,1:1:46,48,16,0:2:51,3327,55,1:0:19,0,0,0:0:0,0,0,0:0:0,0,0,0:0:0,0,0,0:0:0,0,0,0:0:0
29/05/16,09:06:32,+22,1,0,2130,34,1:2:11,48,16,0:2:51,3370,54,1:1:21,0,0,0:0:0,0,0,0:0:0,0,0,0:0:0,0,0,0:0:0,0,0,0:0:0
29/05/16,09:07:32,+22,1,0,2130,34,1:2:11,48,16,0:2:51,3412,54,1:2:23,0,0,0:0:0,0,0,0:0:0,0,0,0:0:0,0,0,0:0:0,0,0,0:0:0
29/05/16,09:08:32,+22,1,0,2148,34,1:3:3,48,16,0:2:51,3455,54,1:3:25,0,0,0:0:0,0,0,0:0:0,0,0,0:0:0,0,0,0:0:0,0,0,0:0:0
29/05/16,09:09:32,+22,1,0,2159,33,1:3:33,48,16,0:2:51,3498,54,1:4:28,0,0,0:0:0,0,0,0:0:0,0,0,0:0:0,0,0,0:0:0,0,0,0:0:0
29/05/16,09:10:32,+22,1,0,2175,33,1:4:30,48,16,0:2:51,3541,54,1:5:30,0,0,0:0:0,0,0,0:0:0,0,0,0:0:0,0,0,0:0:0,0,0,0:0:0
29/05/16,09:11:32,+22,1,0,2202,33,1:5:32,48,16,0:2:51,3584,53,1:6:32,0,0,0:0:0,0,0,0:0:0,0,0,0:0:0,0,0,0:0:0,0,0,0:0:0
29/05/16,09:12:32,+22,1,0,2227,33,1:6:34,48,16,0:2:51,3627,53,1:7:34,0,0,0:0:0,0,0,0:0:0,0,0,0:0:0,0,0,0:0:0,0,0,0:0:0
29/05/16,09:13:32,+22,1,0,2247,33,1:7:34,48,16,0:2:51,3669,53,1:8:36,0,0,0:0:0,0,0,0:0:0,0,0,0:0:0,0,0,0:0:0,0,0,0:0:0
29/05/16,09:14:32,+22,1,0,2263,33,1:8:11,48,16,0:2:51,3712,53,1:9:39,0,0,0:0:0,0,0,0:0:0,0,0,0:0:0,0,0,0:0:0,0,0,0:0:0
29/05/16,09:15:32,+22,1,0,2298,33,1:9:13,48,16,0:2:51,3755,53,1:10:41,0,0,0:0:0,0,0,0:0:0,0,0,0:0:0,0,0,0:0:0,0,0,0:0:0
29/05/16,09:16:32,+22,1,0,2333,33,1:10:15,48,16,0:2:51,3798,52,1:11:43,0,0,0:0:0,0,0,0:0:0,0,0,0:0:0,0,0,0:0:0,0,0,0:0:0
29/05/16,09:17:32,+22,1,0,2368,33,1:11:17,48,16,0:2:51,3841,52,1:12:45,0,0,0:0:0,0,0,0:0:0,0,0,0:0:0,0,0,0:0:0,0,0,0:0:0
29/05/16,09:18:32,+22,1,0,2407,33,1:12:20,48,16,0:2:51,3884,52,1:13:48,0,0,0:0:0,0,0,0:0:0,0,0,0:0:0,0,0,0:0:0,0,0,0:0:0
29/05/16,09:19:32,+22,1,0,2446,33,1:13:22,48,16,0:2:51,3927,52,1:14:50,0,0,0:0:0,0,0,0:0:0,0,0,0:0:0,0,0,0:0:0,0,0,0:0:0
29/05/16,09:20:32,+22,1,0,2485,33,1:14:24,48,16,0:2:51,3970,52,1:15:52,0,0,0:0:0,0,0,0:0:0,0,0,0:0:0,0,0,0:0:0,0,0,0:0:0
29/05/16,09:21:32,+22,1,0,2524,33,1:15:26,48,16,0:2:51,4013,52,1:16:54,0,0,0:0:0,0,0,0:0:0,0,0,0:0:0,0,0,0:0:0,0,0,0:0:0
29/05/16,09:22:32,+22,1,0,2563,33,1:16:28,55,15,0:3:31,4055,52,1:17:56,0,0,0:0:0,0,0,0:0:0,0,0,0:0:0,0,0,0:0:0,0,0,0:0:0
29/05/16,09:23:32,+22,1,0,2602,33,1:17:31,66,15,0:4:10,4099,51,1:18:59,0,0,0:0:0,0,0,0:0:0,0,0,0:0:0,0,0,0:0:0,0,0,0:0:0
29/05/16,09:24:32,+22,1,0,2641,33,1:18:33,66,15,0:4:10,4142,51,1:20:1,0,0,0:0:0,0,0,0:0:0,0,0,0:0:0,0,0,0:0:0,0,0,0:0:0
29/05/16,09:25:32,+22,1,0,2676,33,1:19:35,66,15,0:4:10,4186,51,1:21:3,0,0,0:0:0,0,0,0:0:0,0,0,0:0:0,0,0,0:0:0,0,0,0:0:0
29/05/16,09:26:32,+22,1,0,2676,33,1:19:37,66,15,0:4:10,4229,51,1:22:5,0,0,0:0:0,0,0,0:0:0,0,0,0:0:0,0,0,0:0:0,0,0,0:0:0
29/05/16,09:27:32,+22,1,0,2707,33,1:20:36,66,15,0:4:10,4272,51,1:23:8,0,0,0:0:0,0,0,0:0:0,0,0,0:0:0,0,0,0:0:0,0,0,0:0:0
29/05/16,09:28:32,+22,1,0,2746,33,1:21:38,66,15,0:4:10,4316,51,1:24:10,0,0,0:0:0,0,0,0:0:0,0,0,0:0:0,0,0,0:0:0,0,0,0:0:0
29/05/16,09:29:32,+22,1,0,2785,33,1:22:40,66,15,0:4:10,4359,51,1:25:12,0,0,0:0:0,0,0,0:0:0,0,0,0:0:0,0,0,0:0:0,0,0,0:0:0
29/05/16,09:30:32,+22,1,0,2824,33,1:23:42,66,15,0:4:10,4403,51,1:26:14,0,0,0:0:0,0,0,0:0:0,0,0,0:0:0,0,0,0:0:0,0,0,0:0:0
29/05/16,09:31:32,+22,1,0,2863,33,1:24:44,69,15,0:4:27,4446,50,1:27:16,0,0,0:0:0,0,0,0:0:0,0,0,0:0:0,0,0,0:0:0,0,0,0:0:0
29/05/16,09:32:32,+22,1,0,2901,33,1:25:47,114,20,0:5:29,4490,50,1:28:19,0,0,0:0:0,0,0,0:0:0,0,0,0:0:0,0,0,0:0:0,0,0,0:0:0
29/05/16,09:33:32,+22,1,0,2940,33,1:26:49,193,29,0:6:31,4533,50,1:29:21,0,0,0:0:0,0,0,0:0:0,0,0,0:0:0,0,0,0:0:0,0,0,0:0:0
29/05/16,09:34:32,+22,1,0,2979,33,1:27:51,272,36,0:7:33,4576,50,1:30:23,0,0,0:0:0,0,0,0:0:0,0,0,0:0:0,0,0,0:0:0,0,0,0:0:0
29/05/16,09:35:32,+22,1,0,3018,33,1:28:53,351,40,0:8:35,4620,50,1:31:25,0,0,0:0:0,0,0,0:0:0,0,0,0:0:0,0,0,0:0:0,0,0,0:0:0
29/05/16,09:36:32,+22,1,0,3057,33,1:29:56,445,46,0:9:38,4663,50,1:32:28,0,0,0:0:0,0,0,0:0:0,0,0,0:0:0,0,0,0:0:0,0,0,0:0:0
29/05/16,09:37:32,+22,1,0,3095,34,1:30:58,554,51,0:10:40,4706,50,1:33:30,0,0,0:0:0,0,0,0:0:0,0,0,0:0:0,0,0,0:0:0,0,0,0:0:0
29/05/16,09:38:32,+22,1,0,3134,34,1:32:0,663,56,0:11:42,4750,50,1:34:32,0,0,0:0:0,0,0,0:0:0,0,0,0:0:0,0,0,0:0:0,0,0,0:0:0
29/05/16,09:39:32,+22,1,0,3173,34,1:33:2,740,58,0:12:44,4793,50,1:35:34,0,0,0:0:0,0,0,0:0:0,0,0,0:0:0,0,0,0:0:0,0,0,0:0:0
29/05/16,09:40:32,+22,1,0,3212,34,1:34:4,814,59,0:13:46,4837,50,1:36:36,0,0,0:0:0,0,0,0:0:0,0,0,0:0:0,0,0,0:0:0,0,0,0:0:0
29/05/16,09:41:32,+22,1,0,3251,34,1:35:7,917,61,0:14:49,4880,49,1:37:39,0,0,0:0:0,0,0,0:0:0,0,0,0:0:0,0,0,0:0:0,0,0,0:0:0
29/05/16,09:42:32,+22,1,0,3290,34,1:36:9,1020,64,0:15:51,4923,49,1:38:41,0,0,0:0:0,0,0,0:0:0,0,0,0:0:0,0,0,0:0:0,0,0,0:0:0
29/05/16,09:43:32,+22,1,0,3328,34,1:37:11,1121,66,0:16:53,4966,49,1:39:43,0,0,0:0:0,0,0,0:0:0,0,0,0:0:0,0,0,0:0:0,0,0,0:0:0
29/05/16,09:44:32,+22,1,0,3367,34,1:38:13,1223,68,0:17:55,5010,49,1:40:45,0,0,0:0:0,0,0,0:0:0,0,0,0:0:0,0,0,0:0:0,0,0,0:0:0
29/05/16,09:45:32,+22,1,0,3406,34,1:39:15,1325,69,0:18:57,5053,49,1:41:47,0,0,0:0:0,0,0,0:0:0,0,0,0:0:0,0,0,0:0:0,0,0,0:0:0
29/05/16,09:46:32,+22,1,0,3444,34,1:40:18,1426,71,0:20:0,5096,49,1:42:50,0,0,0:0:0,0,0,0:0:0,0,0,0:0:0,0,0,0:0:0,0,0,0:0:0
29/05/16,09:47:32,+22,1,0,3483,34,1:41:20,1521,72,0:21:2,5141,49,1:43:52,0,0,0:0:0,0,0,0:0:0,0,0,0:0:0,0,0,0:0:0,0,0,0:0:0
29/05/16,09:48:32,+22,1,0,3522,34,1:42:22,1615,73,0:22:4,5189,49,1:44:54,0,0,0:0:0,0,0,0:0:0,0,0,0:0:0,0,0,0:0:0,0,0,0:0:0
29/05/16,09:49:32,+22,1,0,3560,34,1:43:24,1711,74,0:23:6,5237,49,1:45:56,0,0,0:0:0,0,0,0:0:0,0,0,0:0:0,0,0,0:0:0,0,0,0:0:0
29/05/16,09:50:32,+22,1,0,3596,34,1:44:27,1807,74,0:24:9,5284,49,1:46:59,0,0,0:0:0,0,0,0:0:0,0,0,0:0:0,0,0,0:0:0,0,0,0:0:0
29/05/16,09:51:32,+22,1,0,3628,34,1:45:29,1903,75,0:25:11,5332,49,1:48:1,0,0,0:0:0,0,0,0:0:0,0,0,0:0:0,0,0,0:0:0,0,0,0:0:0
29/05/16,09:52:32,+22,1,0,3660,34,1:46:31,1998,76,0:26:13,5380,49,1:49:3,0,0,0:0:0,0,0,0:0:0,0,0,0:0:0,0,0,0:0:0,0,0,0:0:0
29/05/16,09:53:32,+22,1,0,3692,34,1:47:33,2094,76,0:27:15,5428,49,1:50:5,0,0,0:0:0,0,0,0:0:0,0,0,0:0:0,0,0,0:0:0,0,0,0:0:0
29/05/16,09:54:32,+22,1,0,3725,34,1:48:35,2189,77,0:28:17,5476,49,1:51:7,0,0,0:0:0,0,0,0:0:0,0,0,0:0:0,0,0,0:0:0,0,0,0:0:0
29/05/16,09:55:32,+22,1,0,3762,34,1:49:38,2285,77,0:29:20,5523,49,1:52:10,0,0,0:0:0,0,0,0:0:0,0,0,0:0:0,0,0,0:0:0,0,0,0:0:0
29/05/16,09:56:32,+22,1,0,3817,34,1:50:40,2381,78,0:30:22,5571,49,1:53:12,0,0,0:0:0,0,0,0:0:0,0,0,0:0:0,0,0,0:0:0,0,0,0:0:0
29/05/16,09:57:32,+22,1,0,3868,34,1:51:42,2476,78,0:31:24,5619,49,1:54:14,0,0,0:0:0,0,0,0:0:0,0,0,0:0:0,0,0,0:0:0,0,0,0:0:0
29/05/16,09:58:32,+22,1,0,3919,34,1:52:44,2572,79,0:32:26,5666,49,1:55:16,0,0,0:0:0,0,0,0:0:0,0,0,0:0:0,0,0,0:0:0,0,0,0:0:0
29/05/16,09:59:32,+22,1,0,3970,34,1:53:47,2667,79,0:33:29,5711,49,1:56:16,0,0,0:0:0,0,0,0:0:0,0,0,0:0:0,0,0,0:0:0,0,0,0:0:0
29/05/16,10:00:32,+22,1,0,4021,35,1:54:49,2763,80,0:34:31,5711,49,1:56:16,0,0,0:0:0,0,0,0:0:0,0,0,0:0:0,0,0,0:0:0,0,0,0:0:0
29/05/16,10:01:32,+22,1,0,4073,35,1:55:51,2858,80,0:35:33,5711,49,1:56:16,0,0,0:0:0,0,0,0:0:0,0,0,0:0:0,0,0,0:0:0,0,0,0:0:0
29/05/16,10:02:32,+22,1,0,4126,35,1:56:53,2953,80,0:36:35,5733,48,1:57:3,0,0,0:0:0,0,0,0:0:0,0,0,0:0:0,0,0,0:0:0,0,0,0:0:0
29/05/16,10:03:32,+22,1,0,4178,35,1:57:55,3048,81,0:37:37,5780,48,1:58:5,0,0,0:0:0,0,0,0:0:0,0,0,0:0:0,0,0,0:0:0,0,0,0:0:0
29/05/16,10:04:32,+22,1,0,4230,35,1:58:58,3143,81,0:38:40,5826,48,1:59:8,0,0,0:0:0,0,0,0:0:0,0,0,0:0:0,0,0,0:0:0,0,0,0:0:0
29/05/16,10:05:32,+22,1,0,4282,35,2:0:0,3237,81,0:39:42,5873,48,2:0:10,0,0,0:0:0,0,0,0:0:0,0,0,0:0:0,0,0,0:0:0,0,0,0:0:0
29/05/16,10:06:32,+22,1,0,4334,35,2:1:2,3332,81,0:40:44,5920,48,2:1:12,0,0,0:0:0,0,0,0:0:0,0,0,0:0:0,0,0,0:0:0,0,0,0:0:0
29/05/16,10:07:32,+22,1,0,4386,35,2:2:4,3427,82,0:41:46,5966,48,2:2:14,0,0,0:0:0,0,0,0:0:0,0,0,0:0:0,0,0,0:0:0,0,0,0:0:0
29/05/16,10:08:32,+22,1,0,4438,36,2:3:6,3513,82,0:42:48,6013,48,2:3:16,0,0,0:0:0,0,0,0:0:0,0,0,0:0:0,0,0,0:0:0,0,0,0:0:0
29/05/16,10:09:32,+22,1,0,4490,36,2:4:9,3539,80,0:43:51,6060,48,2:4:19,0,0,0:0:0,0,0,0:0:0,0,0,0:0:0,0,0,0:0:0,0,0,0:0:0
29/05/16,10:10:32,+22,1,0,4542,36,2:5:11,3593,80,0:44:53,6106,48,2:5:21,0,0,0:0:0,0,0,0:0:0,0,0,0:0:0,0,0,0:0:0,0,0,0:0:0
29/05/16,10:11:32,+22,1,0,4594,36,2:6:13,3656,79,0:45:55,6153,48,2:6:23,0,0,0:0:0,0,0,0:0:0,0,0,0:0:0,0,0,0:0:0,0,0,0:0:0
29/05/16,10:12:32,+22,1,0,4646,36,2:7:15,3718,79,0:46:57,6200,48,2:7:25,0,0,0:0:0,0,0,0:0:0,0,0,0:0:0,0,0,0:0:0,0,0,0:0:0
29/05/16,10:13:32,+22,1,0,4697,36,2:8:17,3773,78,0:47:59,6247,48,2:8:27,0,0,0:0:0,0,0,0:0:0,0,0,0:0:0,0,0,0:0:0,0,0,0:0:0
29/05/16,10:14:32,+22,1,0,4750,36,2:9:20,3826,78,0:49:2,6294,48,2:9:30,0,0,0:0:0,0,0,0:0:0,0,0,0:0:0,0,0,0:0:0,0,0,0:0:0
29/05/16,10:15:32,+22,1,0,4802,36,2:10:22,3899,77,0:50:4,6341,48,2:10:32,0,0,0:0:0,0,0,0:0:0,0,0,0:0:0,0,0,0:0:0,0,0,0:0:0
29/05/16,10:16:32,+22,1,0,4853,36,2:11:24,3977,77,0:51:6,6388,48,2:11:34,0,0,0:0:0,0,0,0:0:0,0,0,0:0:0,0,0,0:0:0,0,0,0:0:0
29/05/16,10:17:32,+22,1,0,4905,37,2:12:27,4056,77,0:52:9,6435,48,2:12:37,0,0,0:0:0,0,0,0:0:0,0,0,0:0:0,0,0,0:0:0,0,0,0:0:0
29/05/16,10:18:32,+22,1,0,4957,37,2:13:29,4136,77,0:53:11,6481,48,2:13:39,0,0,0:0:0,0,0,0:0:0,0,0,0:0:0,0,0,0:0:0,0,0,0:0:0
29/05/16,10:19:32,+22,1,0,5008,37,2:14:31,4215,77,0:54:13,6528,48,2:14:41,0,0,0:0:0,0,0,0:0:0,0,0,0:0:0,0,0,0:0:0,0,0,0:0:0
29/05/16,10:20:32,+22,1,0,5040,37,2:15:11,4297,77,0:55:15,6575,48,2:15:43,0,0,0:0:0,0,0,0:0:0,0,0,0:0:0,0,0,0:0:0,0,0,0:0:0
29/05/16,10:21:32,+22,1,0,5051,37,2:15:53,4379,77,0:56:17,6622,48,2:16:45,0,0,0:0:0,0,0,0:0:0,0,0,0:0:0,0,0,0:0:0,0,0,0:0:0
29/05/16,10:22:32,+22,1,0,5056,37,2:16:14,4460,77,0:57:20,6669,48,2:17:48,0,0,0:0:0,0,0,0:0:0,0,0,0:0:0,0,0,0:0:0,0,0,0:0:0
29/05/16,10:23:32,+22,1,0,5071,36,2:17:14,4542,77,0:58:22,6716,48,2:18:50,0,0,0:0:0,0,0,0:0:0,0,0,0:0:0,0,0,0:0:0,0,0,0:0:0
29/05/16,10:24:32,+22,1,0,5119,37,2:18:16,4623,77,0:59:24,6763,48,2:19:52,0,0,0:0:0,0,0,0:0:0,0,0,0:0:0,0,0,0:0:0,0,0,0:0:0
29/05/16,10:25:32,+22,1,0,5168,37,2:19:18,4705,77,1:0:26,6810,48,2:20:54,0,0,0:0:0,0,0,0:0:0,0,0,0:0:0,0,0,0:0:0,0,0,0:0:0
29/05/16,10:26:32,+22,1,0,5220,37,2:20:20,4787,77,1:1:28,6857,48,2:21:56,0,0,0:0:0,0,0,0:0:0,0,0,0:0:0,0,0,0:0:0,0,0,0:0:0
29/05/16,10:27:32,+22,1,0,5259,37,2:21:9,4868,77,1:2:31,6904,48,2:22:59,0,0,0:0:0,0,0,0:0:0,0,0,0:0:0,0,0,0:0:0,0,0,0:0:0
29/05/16,10:28:32,+22,1,0,5271,37,2:21:39,4950,77,1:3:33,6948,48,2:24:1,0,0,0:0:0,0,0,0:0:0,0,0,0:0:0,0,0,0:0:0,0,0,0:0:0
29/05/16,10:29:32,+22,1,0,5312,37,2:22:41,5031,77,1:4:35,6986,48,2:25:3,0,0,0:0:0,0,0,0:0:0,0,0,0:0:0,0,0,0:0:0,0,0,0:0:0
29/05/16,10:30:32,+22,1,0,5361,37,2:23:43,5113,77,1:5:37,7035,48,2:26:5,0,0,0:0:0,0,0,0:0:0,0,0,0:0:0,0,0,0:0:0,0,0,0:0:0
29/05/16,10:31:32,+22,1,0,5410,37,2:24:45,5194,77,1:6:39,7094,48,2:27:7,0,0,0:0:0,0,0,0:0:0,0,0,0:0:0,0,0,0:0:0,0,0,0:0:0
29/05/16,10:32:32,+22,1,0,5458,37,2:25:48,5275,77,1:7:42,7154,48,2:28:10,0,0,0:0:0,0,0,0:0:0,0,0,0:0:0,0,0,0:0:0,0,0,0:0:0
29/05/16,10:33:32,+22,1,0,5505,37,2:26:50,5356,77,1:8:44,7212,48,2:29:12,0,0,0:0:0,0,0,0:0:0,0,0,0:0:0,0,0,0:0:0,0,0,0:0:0
29/05/16,10:34:32,+22,1,0,5552,37,2:27:52,5423,77,1:9:41,7268,48,2:30:14,0,0,0:0:0,0,0,0:0:0,0,0,0:0:0,0,0,0:0:0,0,0,0:0:0
29/05/16,10:35:32,+22,1,0,5600,37,2:28:54,5423,77,1:9:41,7324,48,2:31:16,0,0,0:0:0,0,0,0:0:0,0,0,0:0:0,0,0,0:0:0,0,0,0:0:0
29/05/16,10:36:32,+22,1,0,5650,37,2:29:56,5448,77,1:10:18,7380,48,2:32:18,0,0,0:0:0,0,0,0:0:0,0,0,0:0:0,0,0,0:0:0,0,0,0:0:0
29/05/16,10:37:32,+22,1,0,5699,37,2:30:59,5498,77,1:11:21,7436,48,2:33:21,0,0,0:0:0,0,0,0:0:0,0,0,0:0:0,0,0,0:0:0,0,0,0:0:0
29/05/16,10:38:32,+22,1,0,5747,37,2:32:1,5580,77,1:12:23,7493,48,2:34:23,0,0,0:0:0,0,0,0:0:0,0,0,0:0:0,0,0,0:0:0,0,0,0:0:0
29/05/16,10:39:32,+22,1,0,5796,37,2:33:3,5678,77,1:13:25,7549,48,2:35:25,0,0,0:0:0,0,0,0:0:0,0,0,0:0:0,0,0,0:0:0,0,0,0:0:0
29/05/16,10:40:32,+22,1,0,5845,37,2:34:6,5780,77,1:14:28,7606,48,2:36:28,0,0,0:0:0,0,0,0:0:0,0,0,0:0:0,0,0,0:0:0,0,0,0:0:0
29/05/16,10:41:32,+22,1,0,5894,37,2:35:8,5890,78,1:15:30,7662,48,2:37:30,0,0,0:0:0,0,0,0:0:0,0,0,0:0:0,0,0,0:0:0,0,0,0:0:0
29/05/16,10:42:32,+22,1,0,5943,38,2:36:10,6000,78,1:16:32,7718,48,2:38:32,0,0,0:0:0,0,0,0:0:0,0,0,0:0:0,0,0,0:0:0,0,0,0:0:0
29/05/16,10:43:32,+22,1,0,5993,38,2:37:12,6110,78,1:17:34,7774,48,2:39:34,0,0,0:0:0,0,0,0:0:0,0,0,0:0:0,0,0,0:0:0,0,0,0:0:0
29/05/16,10:44:32,+22,1,0,6041,38,2:38:14,6220,79,1:18:36,7830,48,2:40:36,0,0,0:0:0,0,0,0:0:0,0,0,0:0:0,0,0,0:0:0,0,0,0:0:0
29/05/16,10:45:32,+22,1,0,6091,38,2:39:17,6329,79,1:19:39,7886,48,2:41:39,0,0,0:0:0,0,0,0:0:0,0,0,0:0:0,0,0,0:0:0,0,0,0:0:0
29/05/16,10:46:33,+22,1,0,6140,38,2:40:19,6439,79,1:20:41,7943,48,2:42:41,0,0,0:0:0,0,0,0:0:0,0,0,0:0:0,0,0,0:0:0,0,0,0:0:0
29/05/16,10:47:33,+22,1,0,6188,38,2:41:21,6549,80,1:21:43,7998,48,2:43:43,0,0,0:0:0,0,0,0:0:0,0,0,0:0:0,0,0,0:0:0,0,0,0:0:0
29/05/16,10:48:33,+22,1,0,6238,38,2:42:23,6658,80,1:22:45,8055,48,2:44:45,0,0,0:0:0,0,0,0:0:0,0,0,0:0:0,0,0,0:0:0,0,0,0:0:0
29/05/16,10:49:33,+22,1,0,6287,38,2:43:25,6761,80,1:23:47,8111,48,2:45:47,0,0,0:0:0,0,0,0:0:0,0,0,0:0:0,0,0,0:0:0,0,0,0:0:0
29/05/16,10:50:33,+22,1,0,6336,38,2:44:28,6859,80,1:24:50,8149,48,2:46:50,0,0,0:0:0,0,0,0:0:0,0,0,0:0:0,0,0,0:0:0,0,0,0:0:0
29/05/16,10:51:33,+22,1,0,6385,38,2:45:30,6965,81,1:25:52,8174,48,2:47:52,0,0,0:0:0,0,0,0:0:0,0,0,0:0:0,0,0,0:0:0,0,0,0:0:0
29/05/16,10:52:33,+22,1,0,6434,38,2:46:32,7072,81,1:26:54,8199,48,2:48:54,0,0,0:0:0,0,0,0:0:0,0,0,0:0:0,0,0,0:0:0,0,0,0:0:0
29/05/16,10:53:33,+22,1,0,6484,38,2:47:34,7180,81,1:27:56,8245,48,2:49:56,0,0,0:0:0,0,0,0:0:0,0,0,0:0:0,0,0,0:0:0,0,0,0:0:0
29/05/16,10:54:33,+22,1,0,6533,38,2:48:36,7287,81,1:28:58,8277,48,2:50:58,0,0,0:0:0,0,0,0:0:0,0,0,0:0:0,0,0,0:0:0,0,0,0:0:0
29/05/16,10:55:33,+22,1,0,6582,38,2:49:39,7394,82,1:30:1,8331,48,2:52:1,0,0,0:0:0,0,0,0:0:0,0,0,0:0:0,0,0,0:0:0,0,0,0:0:0
29/05/16,10:56:33,+22,1,0,6631,38,2:50:41,7501,82,1:31:3,8388,48,2:53:3,0,0,0:0:0,0,0,0:0:0,0,0,0:0:0,0,0,0:0:0,0,0,0:0:0
29/05/16,10:57:33,+22,1,0,6681,38,2:51:43,7608,82,1:32:5,8445,48,2:54:5,0,0,0:0:0,0,0,0:0:0,0,0,0:0:0,0,0,0:0:0,0,0,0:0:0
29/05/16,10:58:33,+22,1,0,6730,38,2:52:45,7716,82,1:33:7,8502,48,2:55:7,0,0,0:0:0,0,0,0:0:0,0,0,0:0:0,0,0,0:0:0,0,0,0:0:0
29/05/16,10:59:33,+22,1,0,6779,39,2:53:47,7823,83,1:34:9,8546,48,2:56:9,0,0,0:0:0,0,0,0:0:0,0,0,0:0:0,0,0,0:0:0,0,0,0:0:0
29/05/16,11:00:33,+22,1,0,6828,39,2:54:50,7930,83,1:35:12,8560,48,2:56:44,0,0,0:0:0,0,0,0:0:0,0,0,0:0:0,0,0,0:0:0,0,0,0:0:0
29/05/16,11:01:33,+22,1,0,6878,39,2:55:52,8037,83,1:36:14,8560,48,2:56:43,0,0,0:0:0,0,0,0:0:0,0,0,0:0:0,0,0,0:0:0,0,0,0:0:0
29/05/16,11:02:33,+22,1,0,6927,39,2:56:54,8144,83,1:37:16,8561,48,2:56:47,0,0,0:0:0,0,0,0:0:0,0,0,0:0:0,0,0,0:0:0,0,0,0:0:0
29/05/16,11:03:33,+22,1,0,6976,39,2:57:56,8251,83,1:38:18,8579,48,2:57:49,0,0,0:0:0,0,0,0:0:0,0,0,0:0:0,0,0,0:0:0,0,0,0:0:0
29/05/16,11:04:33,+22,1,0,7026,39,2:58:59,8358,84,1:39:21,8619,48,2:58:52,0,0,0:0:0,0,0,0:0:0,0,0,0:0:0,0,0,0:0:0,0,0,0:0:0
29/05/16,11:05:33,+22,1,0,7075,39,3:0:1,8427,83,1:40:23,8670,48,2:59:54,0,0,0:0:0,0,0,0:0:0,0,0,0:0:0,0,0,0:0:0,0,0,0:0:0
29/05/16,11:06:33,+22,1,0,7118,39,3:1:3,8484,83,1:41:25,8695,48,3:0:56,0,0,0:0:0,0,0,0:0:0,0,0,0:0:0,0,0,0:0:0,0,0,0:0:0
29/05/16,11:07:33,+22,1,0,7118,39,3:1:3,8581,83,1:42:27,8735,48,3:1:58,0,0,0:0:0,0,0,0:0:0,0,0,0:0:0,0,0,0:0:0,0,0,0:0:0
29/05/16,11:08:33,+22,1,0,7156,39,3:1:59,8678,83,1:43:30,8791,48,3:3:1,0,0,0:0:0,0,0,0:0:0,0,0,0:0:0,0,0,0:0:0,0,0,0:0:0
29/05/16,11:09:33,+22,1,0,7203,39,3:3:1,8775,83,1:44:32,8848,48,3:4:3,0,0,0:0:0,0,0,0:0:0,0,0,0:0:0,0,0,0:0:0,0,0,0:0:0
29/05/16,11:10:33,+22,1,0,7251,39,3:4:3,8872,84,1:45:34,8904,48,3:5:5,0,0,0:0:0,0,0,0:0:0,0,0,0:0:0,0,0,0:0:0,0,0,0:0:0
29/05/16,11:11:33,+22,1,0,7298,39,3:5:5,8944,83,1:46:36,8962,48,3:6:7,0,0,0:0:0,0,0,0:0:0,0,0,0:0:0,0,0,0:0:0,0,0,0:0:0
29/05/16,11:12:33,+22,1,0,7346,39,3:6:7,9023,83,1:47:38,9019,48,3:7:9,0,0,0:0:0,0,0,0:0:0,0,0,0:0:0,0,0,0:0:0,0,0,0:0:0
29/05/16,11:13:33,+22,1,0,7393,39,3:7:10,9110,83,1:48:41,9075,48,3:8:12,0,0,0:0:0,0,0,0:0:0,0,0,0:0:0,0,0,0:0:0,0,0,0:0:0
29/05/16,11:14:33,+22,1,0,7442,39,3:8:12,9210,83,1:49:43,9129,48,3:9:14,0,0,0:0:0,0,0,0:0:0,0,0,0:0:0,0,0,0:0:0,0,0,0:0:0
29/05/16,11:15:33,+22,1,0,7491,39,3:9:14,9312,84,1:50:45,9181,48,3:10:16,0,0,0:0:0,0,0,0:0:0,0,0,0:0:0,0,0,0:0:0,0,0,0:0:0
29/05/16,11:16:33,+22,1,0,7495,39,3:9:37,9415,84,1:51:47,9228,48,3:11:18,0,0,0:0:0,0,0,0:0:0,0,0,0:0:0,0,0,0:0:0,0,0,0:0:0
29/05/16,11:17:33,+22,1,0,7505,39,3:10:39,9517,84,1:52:49,9286,48,3:12:20,0,0,0:0:0,0,0,0:0:0,0,0,0:0:0,0,0,0:0:0,0,0,0:0:0
29/05/16,11:18:33,+22,1,0,7535,39,3:11:42,9619,84,1:53:52,9343,48,3:13:23,0,0,0:0:0,0,0,0:0:0,0,0,0:0:0,0,0,0:0:0,0,0,0:0:0
29/05/16,11:19:33,+22,1,0,7583,39,3:12:44,9722,84,1:54:54,9399,48,3:14:25,0,0,0:0:0,0,0,0:0:0,0,0,0:0:0,0,0,0:0:0,0,0,0:0:0
29/05/16,11:20:33,+22,1,0,7632,39,3:13:46,9823,84,1:55:56,9456,48,3:15:27,0,0,0:0:0,0,0,0:0:0,0,0,0:0:0,0,0,0:0:0,0,0,0:0:0
29/05/16,11:21:33,+22,1,0,7680,39,3:14:48,9925,84,1:56:58,9513,48,3:16:29,0,0,0:0:0,0,0,0:0:0,0,0,0:0:0,0,0,0:0:0,0,0,0:0:0
29/05/16,11:22:33,+22,1,0,7729,39,3:15:50,10027,84,1:58:0,9569,48,3:17:31,0,0,0:0:0,0,0,0:0:0,0,0,0:0:0,0,0,0:0:0,0,0,0:0:0
29/05/16,11:23:33,+22,1,0,7777,39,3:16:53,10129,85,1:59:3,9626,48,3:18:34,0,0,0:0:0,0,0,0:0:0,0,0,0:0:0,0,0,0:0:0,0,0,0:0:0
29/05/16,11:24:33,+22,1,0,7826,39,3:17:55,10231,85,2:0:5,9683,48,3:19:36,0,0,0:0:0,0,0,0:0:0,0,0,0:0:0,0,0,0:0:0,0,0,0:0:0
29/05/16,11:25:33,+22,1,0,7874,39,3:18:57,10334,85,2:1:7,9739,48,3:20:38,0,0,0:0:0,0,0,0:0:0,0,0,0:0:0,0,0,0:0:0,0,0,0:0:0
29/05/16,11:26:33,+22,1,0,7923,39,3:19:59,10442,85,2:2:9,9796,48,3:21:40,0,0,0:0:0,0,0,0:0:0,0,0,0:0:0,0,0,0:0:0,0,0,0:0:0
29/05/16,11:27:33,+22,1,0,7972,39,3:21:2,10549,85,2:3:12,9852,48,3:22:43,0,0,0:0:0,0,0,0:0:0,0,0,0:0:0,0,0,0:0:0,0,0,0:0:0
29/05/16,11:28:33,+22,1,0,8020,39,3:22:4,10656,85,2:4:14,9909,48,3:23:45,0,0,0:0:0,0,0,0:0:0,0,0,0:0:0,0,0,0:0:0,0,0,0:0:0
29/05/16,11:29:33,+22,1,0,8069,39,3:23:6,10764,85,2:5:16,9966,48,3:24:47,0,0,0:0:0,0,0,0:0:0,0,0,0:0:0,0,0,0:0:0,0,0,0:0:0
29/05/16,11:30:33,+22,1,0,8118,39,3:24:8,10872,86,2:6:18,10023,48,3:25:49,0,0,0:0:0,0,0,0:0:0,0,0,0:0:0,0,0,0:0:0,0,0,0:0:0
29/05/16,11:31:33,+22,1,0,8166,39,3:25:11,10982,86,2:7:21,10079,48,3:26:52,0,0,0:0:0,0,0,0:0:0,0,0,0:0:0,0,0,0:0:0,0,0,0:0:0
29/05/16,11:32:33,+22,1,0,8189,39,3:25:41,11092,86,2:8:23,10136,48,3:27:54,0,0,0:0:0,0,0,0:0:0,0,0,0:0:0,0,0,0:0:0,0,0,0:0:0
29/05/16,11:33:33,+22,1,0,8225,39,3:26:36,11202,86,2:9:25,10193,48,3:28:56,0,0,0:0:0,0,0,0:0:0,0,0,0:0:0,0,0,0:0:0,0,0,0:0:0
29/05/16,11:34:33,+22,1,0,8273,39,3:27:38,11312,86,2:10:27,10250,48,3:29:58,0,0,0:0:0,0,0,0:0:0,0,0,0:0:0,0,0,0:0:0,0,0,0:0:0
29/05/16,11:35:33,+22,1,0,8323,39,3:28:40,11422,86,2:11:29,10307,48,3:31:0,0,0,0:0:0,0,0,0:0:0,0,0,0:0:0,0,0,0:0:0,0,0,0:0:0
29/05/16,11:36:33,+22,1,0,8373,39,3:29:43,11531,87,2:12:32,10363,48,3:32:3,0,0,0:0:0,0,0,0:0:0,0,0,0:0:0,0,0,0:0:0,0,0,0:0:0
29/05/16,11:37:33,+22,1,0,8423,39,3:30:45,11641,87,2:13:34,10421,48,3:33:5,0,0,0:0:0,0,0,0:0:0,0,0,0:0:0,0,0,0:0:0,0,0,0:0:0
29/05/16,11:38:33,+22,1,0,8473,40,3:31:47,11657,87,2:13:48,10477,48,3:34:7,0,0,0:0:0,0,0,0:0:0,0,0,0:0:0,0,0,0:0:0,0,0,0:0:0
29/05/16,11:39:33,+22,1,0,8523,40,3:32:49,11657,87,2:13:48,10534,48,3:35:9,0,0,0:0:0,0,0,0:0:0,0,0,0:0:0,0,0,0:0:0,0,0,0:0:0
29/05/16,11:40:33,+22,1,0,8572,40,3:33:51,11657,87,2:13:48,10590,48,3:36:11,0,0,0:0:0,0,0,0:0:0,0,0,0:0:0,0,0,0:0:0,0,0,0:0:0
29/05/16,11:41:33,+22,1,0,8622,40,3:34:54,11676,86,2:14:45,10647,49,3:37:14,0,0,0:0:0,0,0,0:0:0,0,0,0:0:0,0,0,0:0:0,0,0,0:0:0
29/05/16,11:42:33,+22,1,0,8672,40,3:35:56,11709,86,2:15:47,10704,49,3:38:16,0,0,0:0:0,0,0,0:0:0,0,0,0:0:0,0,0,0:0:0,0,0,0:0:0
29/05/16,11:43:33,+22,1,0,8721,40,3:36:58,11759,85,2:16:49,10760,49,3:39:18,0,0,0:0:0,0,0,0:0:0,0,0,0:0:0,0,0,0:0:0,0,0,0:0:0
29/05/16,11:44:33,+22,1,0,8771,40,3:38:0,11818,85,2:17:51,10817,49,3:40:20,0,0,0:0:0,0,0,0:0:0,0,0,0:0:0,0,0,0:0:0,0,0,0:0:0
29/05/16,11:45:33,+22,1,0,8821,40,3:39:2,11873,85,2:18:53,10873,49,3:41:22,0,0,0:0:0,0,0,0:0:0,0,0,0:0:0,0,0,0:0:0,0,0,0:0:0
29/05/16,11:46:33,+22,1,0,8871,40,3:40:5,11940,85,2:19:56,10930,49,3:42:25,0,0,0:0:0,0,0,0:0:0,0,0,0:0:0,0,0,0:0:0,0,0,0:0:0
29/05/16,11:47:33,+22,1,0,8921,40,3:41:7,12045,85,2:20:58,10986,49,3:43:27,0,0,0:0:0,0,0,0:0:0,0,0,0:0:0,0,0,0:0:0,0,0,0:0:0
29/05/16,11:48:33,+22,1,0,8971,40,3:42:9,12152,85,2:22:0,11043,49,3:44:29,0,0,0:0:0,0,0,0:0:0,0,0,0:0:0,0,0,0:0:0,0,0,0:0:0
29/05/16,11:49:33,+22,1,0,9020,40,3:43:11,12261,85,2:23:2,11099,49,3:45:31,0,0,0:0:0,0,0,0:0:0,0,0,0:0:0,0,0,0:0:0,0,0,0:0:0
29/05/16,11:50:33,+22,1,0,9070,40,3:44:14,12331,85,2:23:46,11156,49,3:46:34,0,0,0:0:0,0,0,0:0:0,0,0,0:0:0,0,0,0:0:0,0,0,0:0:0
29/05/16,11:51:33,+22,1,0,9121,40,3:45:16,12331,85,2:23:46,11213,49,3:47:36,0,0,0:0:0,0,0,0:0:0,0,0,0:0:0,0,0,0:0:0,0,0,0:0:0
29/05/16,11:52:33,+22,1,0,9171,40,3:46:18,12331,85,2:23:46,11269,49,3:48:38,0,0,0:0:0,0,0,0:0:0,0,0,0:0:0,0,0,0:0:0,0,0,0:0:0
29/05/16,11:53:33,+22,1,0,9221,40,3:47:20,12331,85,2:23:45,11326,49,3:49:40,0,0,0:0:0,0,0,0:0:0,0,0,0:0:0,0,0,0:0:0,0,0,0:0:0
29/05/16,11:54:33,+22,1,0,9268,40,3:48:23,12342,85,2:24:43,11383,49,3:50:43,0,0,0:0:0,0,0,0:0:0,0,0,0:0:0,0,0,0:0:0,0,0,0:0:0
29/05/16,11:55:33,+22,1,0,9274,40,3:48:46,12361,84,2:25:45,11439,49,3:51:45,0,0,0:0:0,0,0,0:0:0,0,0,0:0:0,0,0,0:0:0,0,0,0:0:0
29/05/16,11:56:33,+22,1,0,9295,40,3:49:48,12369,84,2:26:8,11496,49,3:52:47,0,0,0:0:0,0,0,0:0:0,0,0,0:0:0,0,0,0:0:0,0,0,0:0:0
29/05/16,11:57:33,+22,1,0,9317,40,3:50:50,12371,84,2:26:20,11553,49,3:53:49,0,0,0:0:0,0,0,0:0:0,0,0,0:0:0,0,0,0:0:0,0,0,0:0:0
29/05/16,11:58:33,+22,1,0,9337,40,3:51:52,12411,84,2:27:22,11610,49,3:54:51,0,0,0:0:0,0,0,0:0:0,0,0,0:0:0,0,0,0:0:0,0,0,0:0:0
29/05/16,11:59:33,+22,1,0,9350,40,3:52:51,12452,83,2:28:25,11666,49,3:55:54,0,0,0:0:0,0,0,0:0:0,0,0,0:0:0,0,0,0:0:0,0,0,0:0:0
29/05/16,12:00:33,+22,1,0,9377,40,3:53:53,12517,83,2:29:27,11723,49,3:56:56,0,0,0:0:0,0,0,0:0:0,0,0,0:0:0,0,0,0:0:0,0,0,0:0:0
29/05/16,12:01:33,+22,1,0,9420,40,3:54:55,12585,83,2:30:29,11780,49,3:57:58,0,0,0:0:0,0,0,0:0:0,0,0,0:0:0,0,0,0:0:0,0,0,0:0:0
29/05/16,12:02:33,+22,1,0,9464,40,3:55:57,12653,83,2:31:31,11837,49,3:59:0,0,0,0:0:0,0,0,0:0:0,0,0,0:0:0,0,0,0:0:0,0,0,0:0:0
29/05/16,12:03:33,+22,1,0,9508,40,3:56:59,12725,83,2:32:33,11872,49,4:0:2,0,0,0:0:0,0,0,0:0:0,0,0,0:0:0,0,0,0:0:0,0,0,0:0:0
29/05/16,12:04:33,+22,1,0,9552,40,3:58:2,12798,83,2:33:36,11896,49,4:1:5,0,0,0:0:0,0,0,0:0:0,0,0,0:0:0,0,0,0:0:0,0,0,0:0:0
29/05/16,12:05:33,+22,1,0,9596,40,3:59:4,12812,83,2:33:53,11924,49,4:2:7,0,0,0:0:0,0,0,0:0:0,0,0,0:0:0,0,0,0:0:0,0,0,0:0:0
29/05/16,12:06:33,+22,1,0,9640,40,4:0:6,12860,83,2:34:55,11993,49,4:3:9,0,0,0:0:0,0,0,0:0:0,0,0,0:0:0,0,0,0:0:0,0,0,0:0:0
29/05/16,12:07:33,+22,1,0,9684,40,4:1:8,12926,82,2:35:57,12066,49,4:4:11,0,0,0:0:0,0,0,0:0:0,0,0,0:0:0,0,0,0:0:0,0,0,0:0:0
29/05/16,12:08:33,+22,1,0,9729,40,4:2:10,13001,82,2:37:0,12134,49,4:5:13,0,0,0:0:0,0,0,0:0:0,0,0,0:0:0,0,0,0:0:0,0,0,0:0:0
29/05/16,12:09:33,+22,1,0,9773,40,4:3:13,13075,82,2:38:2,12203,49,4:6:16,0,0,0:0:0,0,0,0:0:0,0,0,0:0:0,0,0,0:0:0,0,0,0:0:0
29/05/16,12:10:33,+22,1,0,9817,40,4:4:15,13136,82,2:39:4,12271,49,4:7:18,0,0,0:0:0,0,0,0:0:0,0,0,0:0:0,0,0,0:0:0,0,0,0:0:0
29/05/16,12:11:33,+22,1,0,9862,40,4:5:17,13207,82,2:40:6,12340,49,4:8:20,0,0,0:0:0,0,0,0:0:0,0,0,0:0:0,0,0,0:0:0,0,0,0:0:0
29/05/16,12:12:33,+22,1,0,9906,40,4:6:19,13280,82,2:41:8,12408,49,4:9:22,0,0,0:0:0,0,0,0:0:0,0,0,0:0:0,0,0,0:0:0,0,0,0:0:0
29/05/16,12:13:33,+22,1,0,9950,40,4:7:21,13345,82,2:42:8,12431,49,4:9:47,0,0,0:0:0,0,0,0:0:0,0,0,0:0:0,0,0,0:0:0,0,0,0:0:0
29/05/16,12:14:33,+22,1,0,9995,40,4:8:24,13359,82,2:42:37,12474,49,4:10:34,0,0,0:0:0,0,0,0:0:0,0,0,0:0:0,0,0,0:0:0,0,0,0:0:0
29/05/16,12:15:33,+22,1,0,10040,40,4:9:26,13424,82,2:43:39,12541,49,4:11:36,0,0,0:0:0,0,0,0:0:0,0,0,0:0:0,0,0,0:0:0,0,0,0:0:0
29/05/16,12:16:33,+22,1,0,10084,40,4:10:28,13499,81,2:44:41,12608,49,4:12:38,0,0,0:0:0,0,0,0:0:0,0,0,0:0:0,0,0,0:0:0,0,0,0:0:0
29/05/16,12:17:33,+22,1,0,10129,40,4:11:30,13574,81,2:45:44,12676,49,4:13:40,0,0,0:0:0,0,0,0:0:0,0,0,0:0:0,0,0,0:0:0,0,0,0:0:0
29/05/16,12:18:33,+22,1,0,10173,40,4:12:33,13649,81,2:46:46,12743,50,4:14:43,0,0,0:0:0,0,0,0:0:0,0,0,0:0:0,0,0,0:0:0,0,0,0:0:0
29/05/16,12:19:33,+22,1,0,10218,40,4:13:35,13725,81,2:47:48,12811,50,4:15:45,0,0,0:0:0,0,0,0:0:0,0,0,0:0:0,0,0,0:0:0,0,0,0:0:0
29/05/16,12:20:33,+22,1,0,10262,40,4:14:37,13800,81,2:48:50,12879,50,4:16:47,0,0,0:0:0,0,0,0:0:0,0,0,0:0:0,0,0,0:0:0,0,0,0:0:0
29/05/16,12:21:33,+22,1,0,10307,40,4:15:39,13876,81,2:49:53,12946,50,4:17:49,0,0,0:0:0,0,0,0:0:0,0,0,0:0:0,0,0,0:0:0,0,0,0:0:0
29/05/16,12:22:33,+22,1,0,10351,40,4:16:42,13951,81,2:50:55,13014,50,4:18:52,0,0,0:0:0,0,0,0:0:0,0,0,0:0:0,0,0,0:0:0,0,0,0:0:0
29/05/16,12:23:33,+22,1,0,10395,40,4:17:44,14027,81,2:51:57,13082,50,4:19:54,0,0,0:0:0,0,0,0:0:0,0,0,0:0:0,0,0,0:0:0,0,0,0:0:0
29/05/16,12:24:33,+22,1,0,10440,40,4:18:46,14102,81,2:52:59,13149,50,4:20:56,0,0,0:0:0,0,0,0:0:0,0,0,0:0:0,0,0,0:0:0,0,0,0:0:0
29/05/16,12:25:33,+22,1,0,10485,40,4:19:48,14178,81,2:54:1,13217,50,4:21:58,0,0,0:0:0,0,0,0:0:0,0,0,0:0:0,0,0,0:0:0,0,0,0:0:0
29/05/16,12:26:34,+22,1,0,10529,40,4:20:50,14254,81,2:55:4,13285,50,4:23:0,0,0,0:0:0,0,0,0:0:0,0,0,0:0:0,0,0,0:0:0,0,0,0:0:0
29/05/16,12:27:34,+22,1,0,10574,40,4:21:53,14330,81,2:56:6,13352,50,4:24:3,0,0,0:0:0,0,0,0:0:0,0,0,0:0:0,0,0,0:0:0,0,0,0:0:0
29/05/16,12:28:34,+22,1,0,10618,40,4:22:55,14407,81,2:57:8,13420,50,4:25:5,0,0,0:0:0,0,0,0:0:0,0,0,0:0:0,0,0,0:0:0,0,0,0:0:0
29/05/16,12:29:34,+22,1,0,10663,40,4:23:57,14483,81,2:58:10,13488,50,4:26:7,0,0,0:0:0,0,0,0:0:0,0,0,0:0:0,0,0,0:0:0,0,0,0:0:0
29/05/16,12:30:34,+22,1,0,10708,40,4:24:59,14559,81,2:59:12,13556,50,4:27:9,0,0,0:0:0,0,0,0:0:0,0,0,0:0:0,0,0,0:0:0,0,0,0:0:0
29/05/16,12:31:34,+22,1,0,10752,40,4:26:1,14605,81,3:0:15,13623,50,4:28:11,0,0,0:0:0,0,0,0:0:0,0,0,0:0:0,0,0,0:0:0,0,0,0:0:0
29/05/16,12:32:34,+22,1,0,10797,40,4:27:4,14653,80,3:1:17,13691,50,4:29:14,0,0,0:0:0,0,0,0:0:0,0,0,0:0:0,0,0,0:0:0,0,0,0:0:0
29/05/16,12:33:34,+22,1,0,10845,40,4:28:6,14728,80,3:2:19,13758,50,4:30:16,0,0,0:0:0,0,0,0:0:0,0,0,0:0:0,0,0,0:0:0,0,0,0:0:0
29/05/16,12:34:34,+22,1,0,10892,40,4:29:8,14805,80,3:3:21,13826,50,4:31:18,0,0,0:0:0,0,0,0:0:0,0,0,0:0:0,0,0,0:0:0,0,0,0:0:0
29/05/16,12:35:34,+22,1,0,10940,40,4:30:10,14881,80,3:4:23,13893,51,4:32:20,0,0,0:0:0,0,0,0:0:0,0,0,0:0:0,0,0,0:0:0,0,0,0:0:0
29/05/16,12:36:34,+22,1,0,10988,40,4:31:12,14957,80,3:5:26,13961,51,4:33:22,0,0,0:0:0,0,0,0:0:0,0,0,0:0:0,0,0,0:0:0,0,0,0:0:0
29/05/16,12:37:34,+22,1,0,11036,40,4:32:15,15034,80,3:6:28,14028,51,4:34:25,0,0,0:0:0,0,0,0:0:0,0,0,0:0:0,0,0,0:0:0,0,0,0:0:0
29/05/16,12:38:34,+22,1,0,11084,40,4:33:17,15109,80,3:7:30,14096,51,4:35:27,0,0,0:0:0,0,0,0:0:0,0,0,0:0:0,0,0,0:0:0,0,0,0:0:0
29/05/16,12:39:34,+22,1,0,11132,40,4:34:19,15186,80,3:8:32,14163,51,4:36:29,0,0,0:0:0,0,0,0:0:0,0,0,0:0:0,0,0,0:0:0,0,0,0:0:0
29/05/16,12:40:34,+22,1,0,11180,40,4:35:21,15262,80,3:9:34,14231,51,4:37:31,0,0,0:0:0,0,0,0:0:0,0,0,0:0:0,0,0,0:0:0,0,0,0:0:0
29/05/16,12:41:34,+22,1,0,11227,40,4:36:23,15339,80,3:10:37,14298,51,4:38:33,0,0,0:0:0,0,0,0:0:0,0,0,0:0:0,0,0,0:0:0,0,0,0:0:0
29/05/16,12:42:34,+22,1,0,11275,40,4:37:26,15416,80,3:11:39,14333,51,4:39:7,0,0,0:0:0,0,0,0:0:0,0,0,0:0:0,0,0,0:0:0,0,0,0:0:0
29/05/16,12:43:34,+22,1,0,11304,40,4:38:6,15493,80,3:12:41,14344,51,4:39:25,0,0,0:0:0,0,0,0:0:0,0,0,0:0:0,0,0,0:0:0,0,0,0:0:0
29/05/16,12:44:34,+22,1,0,11337,40,4:38:53,15571,80,3:13:43,14410,51,4:40:27,0,0,0:0:0,0,0,0:0:0,0,0,0:0:0,0,0,0:0:0,0,0,0:0:0
29/05/16,12:45:34,+22,1,0,11381,40,4:39:55,15646,80,3:14:46,14475,51,4:41:30,0,0,0:0:0,0,0,0:0:0,0,0,0:0:0,0,0,0:0:0,0,0,0:0:0
29/05/16,12:46:34,+22,1,0,11403,40,4:40:58,15721,80,3:15:48,14541,51,4:42:32,0,0,0:0:0,0,0,0:0:0,0,0,0:0:0,0,0,0:0:0,0,0,0:0:0
29/05/16,12:47:34,+22,1,0,11403,40,4:40:57,15795,80,3:16:50,14591,51,4:43:34,0,0,0:0:0,0,0,0:0:0,0,0,0:0:0,0,0,0:0:0,0,0,0:0:0
29/05/16,12:48:34,+22,1,0,11430,40,4:41:43,15870,80,3:17:52,14622,51,4:44:36,0,0,0:0:0,0,0,0:0:0,0,0,0:0:0,0,0,0:0:0,0,0,0:0:0
29/05/16,12:49:34,+22,1,0,11477,40,4:42:45,15944,80,3:18:54,14684,51,4:45:38,0,0,0:0:0,0,0,0:0:0,0,0,0:0:0,0,0,0:0:0,0,0,0:0:0
29/05/16,12:50:34,+22,1,0,11525,40,4:43:48,16019,80,3:19:57,14745,51,4:46:41,0,0,0:0:0,0,0,0:0:0,0,0,0:0:0,0,0,0:0:0,0,0,0:0:0
29/05/16,12:51:34,+22,1,0,11574,40,4:44:50,16093,80,3:20:59,14807,51,4:47:43,0,0,0:0:0,0,0,0:0:0,0,0,0:0:0,0,0,0:0:0,0,0,0:0:0
29/05/16,12:52:34,+22,1,0,11622,40,4:45:52,16168,80,3:22:1,14869,51,4:48:45,0,0,0:0:0,0,0,0:0:0,0,0,0:0:0,0,0,0:0:0,0,0,0:0:0
29/05/16,12:53:34,+22,1,0,11669,40,4:46:54,16243,79,3:23:3,14930,51,4:49:47,0,0,0:0:0,0,0,0:0:0,0,0,0:0:0,0,0,0:0:0,0,0,0:0:0
29/05/16,12:54:34,+22,1,0,11717,40,4:47:56,16317,79,3:24:5,14992,51,4:50:49,0,0,0:0:0,0,0,0:0:0,0,0,0:0:0,0,0,0:0:0,0,0,0:0:0
29/05/16,12:55:34,+22,1,0,11766,40,4:48:59,16391,79,3:25:8,15054,51,4:51:52,0,0,0:0:0,0,0,0:0:0,0,0,0:0:0,0,0,0:0:0,0,0,0:0:0
29/05/16,12:56:34,+22,1,0,11813,40,4:50:1,16457,79,3:26:10,15116,51,4:52:54,0,0,0:0:0,0,0,0:0:0,0,0,0:0:0,0,0,0:0:0,0,0,0:0:0
29/05/16,12:57:34,+22,1,0,11861,40,4:51:3,16526,79,3:27:12,15177,51,4:53:56,0,0,0:0:0,0,0,0:0:0,0,0,0:0:0,0,0,0:0:0,0,0,0:0:0
29/05/16,12:58:34,+22,1,0,11910,40,4:52:5,16602,79,3:28:14,15239,51,4:54:58,0,0,0:0:0,0,0,0:0:0,0,0,0:0:0,0,0,0:0:0,0,0,0:0:0
29/05/16,12:59:34,+22,1,0,11958,40,4:53:7,16678,79,3:29:16,15301,51,4:56:0,0,0,0:0:0,0,0,0:0:0,0,0,0:0:0,0,0,0:0:0,0,0,0:0:0
29/05/16,13:00:34,+22,1,0,12006,40,4:54:10,16754,79,3:30:19,15363,51,4:57:3,0,0,0:0:0,0,0,0:0:0,0,0,0:0:0,0,0,0:0:0,0,0,0:0:0
29/05/16,13:01:34,+22,1,0,12054,40,4:55:12,16830,79,3:31:21,15425,51,4:58:5,0,0,0:0:0,0,0,0:0:0,0,0,0:0:0,0,0,0:0:0,0,0,0:0:0
29/05/16,13:02:34,+22,1,0,12102,40,4:56:14,16906,79,3:32:23,15486,51,4:59:7,0,0,0:0:0,0,0,0:0:0,0,0,0:0:0,0,0,0:0:0,0,0,0:0:0
29/05/16,13:03:34,+22,1,0,12151,40,4:57:16,16983,79,3:33:25,15549,51,5:0:9,0,0,0:0:0,0,0,0:0:0,0,0,0:0:0,0,0,0:0:0,0,0,0:0:0
29/05/16,13:04:34,+22,1,0,12200,40,4:58:18,17061,79,3:34:27,15611,51,5:1:11,0,0,0:0:0,0,0,0:0:0,0,0,0:0:0,0,0,0:0:0,0,0,0:0:0
29/05/16,13:05:34,+22,1,0,12219,40,4:58:54,17139,79,3:35:30,15673,51,5:2:14,0,0,0:0:0,0,0,0:0:0,0,0,0:0:0,0,0,0:0:0,0,0,0:0:0
29/05/16,13:06:34,+22,1,0,12219,40,4:58:56,17217,79,3:36:32,15735,51,5:3:16,0,0,0:0:0,0,0,0:0:0,0,0,0:0:0,0,0,0:0:0,0,0,0:0:0
29/05/16,13:07:34,+22,1,0,12220,40,4:59:0,17303,79,3:37:34,15797,51,5:4:18,0,0,0:0:0,0,0,0:0:0,0,0,0:0:0,0,0,0:0:0,0,0,0:0:0
29/05/16,13:08:34,+22,1,0,12231,40,4:59:27,17391,79,3:38:36,15860,51,5:5:20,0,0,0:0:0,0,0,0:0:0,0,0,0:0:0,0,0,0:0:0,0,0,0:0:0
29/05/16,13:09:34,+22,1,0,12261,40,5:0:30,17480,79,3:39:39,15922,51,5:6:23,0,0,0:0:0,0,0,0:0:0,0,0,0:0:0,0,0,0:0:0,0,0,0:0:0
29/05/16,13:10:34,+22,1,0,12289,40,5:1:32,17567,79,3:40:41,15983,51,5:7:25,0,0,0:0:0,0,0,0:0:0,0,0,0:0:0,0,0,0:0:0,0,0,0:0:0
29/05/16,13:11:34,+22,1,0,12321,40,5:2:34,17635,79,3:41:43,16046,52,5:8:27,0,0,0:0:0,0,0,0:0:0,0,0,0:0:0,0,0,0:0:0,0,0,0:0:0
29/05/16,13:12:34,+22,1,0,12351,40,5:3:36,17704,79,3:42:45,16108,52,5:9:29,0,0,0:0:0,0,0,0:0:0,0,0,0:0:0,0,0,0:0:0,0,0,0:0:0
29/05/16,13:13:34,+22,1,0,12374,40,5:4:38,17750,79,3:43:48,16170,52,5:10:31,0,0,0:0:0,0,0,0:0:0,0,0,0:0:0,0,0,0:0:0,0,0,0:0:0
29/05/16,13:14:34,+22,1,0,12398,40,5:5:41,17790,79,3:44:50,16232,52,5:11:34,0,0,0:0:0,0,0,0:0:0,0,0,0:0:0,0,0,0:0:0,0,0,0:0:0
29/05/16,13:15:34,+22,1,0,12425,40,5:6:43,17847,79,3:45:52,16294,52,5:12:36,0,0,0:0:0,0,0,0:0:0,0,0,0:0:0,0,0,0:0:0,0,0,0:0:0
29/05/16,13:16:34,+22,1,0,12456,40,5:7:45,17905,78,3:46:54,16356,52,5:13:38,0,0,0:0:0,0,0,0:0:0,0,0,0:0:0,0,0,0:0:0,0,0,0:0:0
29/05/16,13:17:34,+22,1,0,12485,40,5:8:47,17963,78,3:47:56,16418,52,5:14:40,0,0,0:0:0,0,0,0:0:0,0,0,0:0:0,0,0,0:0:0,0,0,0:0:0
29/05/16,13:18:34,+22,1,0,12514,40,5:9:49,18034,78,3:48:58,16480,52,5:15:42,0,0,0:0:0,0,0,0:0:0,0,0,0:0:0,0,0,0:0:0,0,0,0:0:0
29/05/16,13:19:34,+22,1,0,12544,40,5:10:52,18113,78,3:50:1,16542,52,5:16:45,0,0,0:0:0,0,0,0:0:0,0,0,0:0:0,0,0,0:0:0,0,0,0:0:0
29/05/16,13:20:34,+22,1,0,12573,40,5:11:54,18192,78,3:51:3,16603,52,5:17:47,0,0,0:0:0,0,0,0:0:0,0,0,0:0:0,0,0,0:0:0,0,0,0:0:0
29/05/16,13:21:34,+22,1,0,12602,40,5:12:56,18271,78,3:52:5,16665,52,5:18:49,0,0,0:0:0,0,0,0:0:0,0,0,0:0:0,0,0,0:0:0,0,0,0:0:0
29/05/16,13:22:34,+22,1,0,12632,40,5:13:58,18351,78,3:53:7,16727,52,5:19:51,0,0,0:0:0,0,0,0:0:0,0,0,0:0:0,0,0,0:0:0,0,0,0:0:0
29/05/16,13:23:34,+22,1,0,12661,40,5:15:0,18425,78,3:54:9,16788,52,5:20:53,0,0,0:0:0,0,0,0:0:0,0,0,0:0:0,0,0,0:0:0,0,0,0:0:0
29/05/16,13:24:34,+22,1,0,12690,40,5:16:3,18499,78,3:55:12,16850,52,5:21:56,0,0,0:0:0,0,0,0:0:0,0,0,0:0:0,0,0,0:0:0,0,0,0:0:0
29/05/16,13:25:34,+22,1,0,12720,40,5:17:5,18573,78,3:56:14,16912,52,5:22:58,0,0,0:0:0,0,0,0:0:0,0,0,0:0:0,0,0,0:0:0,0,0,0:0:0
29/05/16,13:26:34,+22,1,0,12749,40,5:18:7,18647,78,3:57:16,16973,52,5:24:0,0,0,0:0:0,0,0,0:0:0,0,0,0:0:0,0,0,0:0:0,0,0,0:0:0
29/05/16,13:27:34,+22,1,0,12778,40,5:19:9,18721,78,3:58:18,17035,52,5:25:2,0,0,0:0:0,0,0,0:0:0,0,0,0:0:0,0,0,0:0:0,0,0,0:0:0
29/05/16,13:28:34,+22,1,0,12807,39,5:20:11,18795,78,3:59:20,17097,52,5:26:4,0,0,0:0:0,0,0,0:0:0,0,0,0:0:0,0,0,0:0:0,0,0,0:0:0
29/05/16,13:29:34,+22,1,0,12836,39,5:21:14,18869,78,4:0:23,17115,52,5:26:28,0,0,0:0:0,0,0,0:0:0,0,0,0:0:0,0,0,0:0:0,0,0,0:0:0
29/05/16,13:30:34,+22,1,0,12866,39,5:22:16,18942,78,4:1:25,17140,52,5:27:20,0,0,0:0:0,0,0,0:0:0,0,0,0:0:0,0,0,0:0:0,0,0,0:0:0
29/05/16,13:31:34,+22,1,0,12895,39,5:23:18,19016,78,4:2:27,17180,52,5:28:22,0,0,0:0:0,0,0,0:0:0,0,0,0:0:0,0,0,0:0:0,0,0,0:0:0
29/05/16,13:32:34,+22,1,0,12924,39,5:24:20,19090,78,4:3:29,17234,52,5:29:24,0,0,0:0:0,0,0,0:0:0,0,0,0:0:0,0,0,0:0:0,0,0,0:0:0
29/05/16,13:33:34,+22,1,0,12953,39,5:25:22,19165,78,4:4:31,17287,52,5:30:26,0,0,0:0:0,0,0,0:0:0,0,0,0:0:0,0,0,0:0:0,0,0,0:0:0
29/05/16,13:34:34,+22,1,0,12982,39,5:26:25,19241,78,4:5:34,17342,52,5:31:29,0,0,0:0:0,0,0,0:0:0,0,0,0:0:0,0,0,0:0:0,0,0,0:0:0
29/05/16,13:35:34,+22,1,0,13011,39,5:27:27,19316,78,4:6:36,17356,52,5:31:50,0,0,0:0:0,0,0,0:0:0,0,0,0:0:0,0,0,0:0:0,0,0,0:0:0
29/05/16,13:36:34,+22,1,0,13040,39,5:28:29,19391,78,4:7:38,17356,52,5:31:50,0,0,0:0:0,0,0,0:0:0,0,0,0:0:0,0,0,0:0:0,0,0,0:0:0
29/05/16,13:37:34,+22,1,0,13069,39,5:29:31,19455,78,4:8:41,17383,52,5:32:38,0,0,0:0:0,0,0,0:0:0,0,0,0:0:0,0,0,0:0:0,0,0,0:0:0
29/05/16,13:38:34,+22,1,0,13091,39,5:30:31,19514,78,4:9:43,17452,52,5:33:41,0,0,0:0:0,0,0,0:0:0,0,0,0:0:0,0,0,0:0:0,0,0,0:0:0
29/05/16,13:39:34,+22,1,0,13097,39,5:31:13,19573,78,4:10:45,17469,52,5:34:1,0,0,0:0:0,0,0,0:0:0,0,0,0:0:0,0,0,0:0:0,0,0,0:0:0
29/05/16,13:40:34,+22,1,0,13103,39,5:31:53,19633,77,4:11:47,17472,52,5:34:9,0,0,0:0:0,0,0,0:0:0,0,0,0:0:0,0,0,0:0:0,0,0,0:0:0
29/05/16,13:41:34,+22,1,0,13107,39,5:32:23,19692,77,4:12:49,17484,52,5:34:32,0,0,0:0:0,0,0,0:0:0,0,0,0:0:0,0,0,0:0:0,0,0,0:0:0
29/05/16,13:42:34,+22,1,0,13107,39,5:32:23,19751,77,4:13:52,17485,52,5:34:33,0,0,0:0:0,0,0,0:0:0,0,0,0:0:0,0,0,0:0:0,0,0,0:0:0
29/05/16,13:43:34,+22,1,0,13107,39,5:32:26,19780,77,4:14:36,17485,52,5:34:37,0,0,0:0:0,0,0,0:0:0,0,0,0:0:0,0,0,0:0:0,0,0,0:0:0
29/05/16,13:44:34,+22,1,0,13112,39,5:32:51,19783,77,4:14:48,17485,52,5:34:36,0,0,0:0:0,0,0,0:0:0,0,0,0:0:0,0,0,0:0:0,0,0,0:0:0
29/05/16,13:45:34,+22,1,0,13129,39,5:33:53,19808,77,4:15:50,17485,52,5:34:36,0,0,0:0:0,0,0,0:0:0,0,0,0:0:0,0,0,0:0:0,0,0,0:0:0
29/05/16,13:46:34,+22,1,0,13147,39,5:34:55,19842,77,4:16:52,17485,52,5:34:36,0,0,0:0:0,0,0,0:0:0,0,0,0:0:0,0,0,0:0:0,0,0,0:0:0
29/05/16,13:47:34,+22,1,0,13165,39,5:35:57,19902,77,4:17:54,17521,52,5:35:32,0,0,0:0:0,0,0,0:0:0,0,0,0:0:0,0,0,0:0:0,0,0,0:0:0
29/05/16,13:48:34,+22,1,0,13183,39,5:37:0,19965,77,4:18:57,17585,52,5:36:35,0,0,0:0:0,0,0,0:0:0,0,0,0:0:0,0,0,0:0:0,0,0,0:0:0
29/05/16,13:49:34,+22,1,0,13201,39,5:38:2,20029,77,4:19:59,17654,52,5:37:37,0,0,0:0:0,0,0,0:0:0,0,0,0:0:0,0,0,0:0:0,0,0,0:0:0
29/05/16,13:50:34,+22,1,0,13229,39,5:39:4,20093,76,4:21:1,17723,52,5:38:39,0,0,0:0:0,0,0,0:0:0,0,0,0:0:0,0,0,0:0:0,0,0,0:0:0
29/05/16,13:51:34,+22,1,0,13253,38,5:40:6,20157,76,4:22:3,17791,52,5:39:41,0,0,0:0:0,0,0,0:0:0,0,0,0:0:0,0,0,0:0:0,0,0,0:0:0
29/05/16,13:52:34,+22,1,0,13270,38,5:41:9,20221,76,4:23:6,17860,52,5:40:44,0,0,0:0:0,0,0,0:0:0,0,0,0:0:0,0,0,0:0:0,0,0,0:0:0
29/05/16,13:53:34,+22,1,0,13288,38,5:42:11,20286,76,4:24:8,17928,52,5:41:46,0,0,0:0:0,0,0,0:0:0,0,0,0:0:0,0,0,0:0:0,0,0,0:0:0
29/05/16,13:54:34,+22,1,0,13306,38,5:43:13,20349,76,4:25:10,17996,52,5:42:48,0,0,0:0:0,0,0,0:0:0,0,0,0:0:0,0,0,0:0:0,0,0,0:0:0
29/05/16,13:55:34,+22,1,0,13323,38,5:44:15,20413,76,4:26:12,18065,52,5:43:50,0,0,0:0:0,0,0,0:0:0,0,0,0:0:0,0,0,0:0:0,0,0,0:0:0
29/05/16,13:56:34,+22,1,0,13341,38,5:45:17,20477,76,4:27:14,18133,52,5:44:52,0,0,0:0:0,0,0,0:0:0,0,0,0:0:0,0,0,0:0:0,0,0,0:0:0
29/05/16,13:57:34,+22,1,0,13358,38,5:46:20,20542,76,4:28:17,18202,52,5:45:55,0,0,0:0:0,0,0,0:0:0,0,0,0:0:0,0,0,0:0:0,0,0,0:0:0
29/05/16,13:58:34,+22,1,0,13376,38,5:47:22,20605,76,4:29:19,18270,52,5:46:57,0,0,0:0:0,0,0,0:0:0,0,0,0:0:0,0,0,0:0:0,0,0,0:0:0
29/05/16,13:59:34,+22,1,0,13394,38,5:48:24,20672,76,4:30:21,18339,52,5:47:59,0,0,0:0:0,0,0,0:0:0,0,0,0:0:0,0,0,0:0:0,0,0,0:0:0
29/05/16,14:00:34,+22,1,0,13411,38,5:49:26,20739,76,4:31:23,18408,52,5:49:1,0,0,0:0:0,0,0,0:0:0,0,0,0:0:0,0,0,0:0:0,0,0,0:0:0
29/05/16,14:01:34,+22,1,0,13416,38,5:49:45,20806,76,4:32:26,18476,52,5:50:4,0,0,0:0:0,0,0,0:0:0,0,0,0:0:0,0,0,0:0:0,0,0,0:0:0
29/05/16,14:02:34,+22,1,0,13437,38,5:50:47,20873,76,4:33:28,18544,52,5:51:6,0,0,0:0:0,0,0,0:0:0,0,0,0:0:0,0,0,0:0:0,0,0,0:0:0
29/05/16,14:03:34,+22,1,0,13458,38,5:51:49,20940,76,4:34:30,18612,52,5:52:8,0,0,0:0:0,0,0,0:0:0,0,0,0:0:0,0,0,0:0:0,0,0,0:0:0
29/05/16,14:04:34,+22,1,0,13480,38,5:52:51,21007,76,4:35:32,18681,52,5:53:10,0,0,0:0:0,0,0,0:0:0,0,0,0:0:0,0,0,0:0:0,0,0,0:0:0
29/05/16,14:05:34,+22,1,0,13501,38,5:53:53,21074,76,4:36:34,18749,52,5:54:12,0,0,0:0:0,0,0,0:0:0,0,0,0:0:0,0,0,0:0:0,0,0,0:0:0
29/05/16,14:06:35,+22,1,0,13522,38,5:54:56,21140,76,4:37:37,18817,52,5:55:15,0,0,0:0:0,0,0,0:0:0,0,0,0:0:0,0,0,0:0:0,0,0,0:0:0
29/05/16,14:07:35,+22,1,0,13544,38,5:55:58,21207,76,4:38:39,18886,53,5:56:17,0,0,0:0:0,0,0,0:0:0,0,0,0:0:0,0,0,0:0:0,0,0,0:0:0
29/05/16,14:08:35,+22,1,0,13565,37,5:57:0,21274,76,4:39:41,18954,53,5:57:19,0,0,0:0:0,0,0,0:0:0,0,0,0:0:0,0,0,0:0:0,0,0,0:0:0
29/05/16,14:09:35,+22,1,0,13586,37,5:58:2,21341,76,4:40:43,18981,52,5:58:21,0,0,0:0:0,0,0,0:0:0,0,0,0:0:0,0,0,0:0:0,0,0,0:0:0
29/05/16,14:10:35,+22,1,0,13608,37,5:59:4,21408,75,4:41:45,19000,52,5:59:23,0,0,0:0:0,0,0,0:0:0,0,0,0:0:0,0,0,0:0:0,0,0,0:0:0
29/05/16,14:11:35,+22,1,0,13629,37,6:0:7,21474,75,4:42:48,19022,52,6:0:26,0,0,0:0:0,0,0,0:0:0,0,0,0:0:0,0,0,0:0:0,0,0,0:0:0
29/05/16,14:12:35,+22,1,0,13653,37,6:1:9,21541,75,4:43:50,19061,52,6:1:28,0,0,0:0:0,0,0,0:0:0,0,0,0:0:0,0,0,0:0:0,0,0,0:0:0
29/05/16,14:13:35,+22,1,0,13676,37,6:2:11,21607,75,4:44:52,19102,52,6:2:30,0,0,0:0:0,0,0,0:0:0,0,0,0:0:0,0,0,0:0:0,0,0,0:0:0
29/05/16,14:14:35,+22,1,0,13700,37,6:3:13,21678,75,4:45:54,19144,52,6:3:32,0,0,0:0:0,0,0,0:0:0,0,0,0:0:0,0,0,0:0:0,0,0,0:0:0
29/05/16,14:15:35,+22,1,0,13723,37,6:4:15,21750,75,4:46:56,19194,52,6:4:34,0,0,0:0:0,0,0,0:0:0,0,0,0:0:0,0,0,0:0:0,0,0,0:0:0
29/05/16,14:16:35,+22,1,0,13746,37,6:5:18,21822,75,4:47:59,19245,52,6:5:37,0,0,0:0:0,0,0,0:0:0,0,0,0:0:0,0,0,0:0:0,0,0,0:0:0
29/05/16,14:17:35,+22,1,0,13767,37,6:6:20,21894,75,4:49:1,19295,52,6:6:39,0,0,0:0:0,0,0,0:0:0,0,0,0:0:0,0,0,0:0:0,0,0,0:0:0
29/05/16,14:18:35,+22,1,0,13787,37,6:7:22,21966,75,4:50:3,19346,52,6:7:41,0,0,0:0:0,0,0,0:0:0,0,0,0:0:0,0,0,0:0:0,0,0,0:0:0
29/05/16,14:19:35,+22,1,0,13809,37,6:8:24,22039,75,4:51:5,19396,52,6:8:43,0,0,0:0:0,0,0,0:0:0,0,0,0:0:0,0,0,0:0:0,0,0,0:0:0
29/05/16,14:20:35,+22,1,0,13834,37,6:9:26,22111,75,4:52:7,19447,52,6:9:45,0,0,0:0:0,0,0,0:0:0,0,0,0:0:0,0,0,0:0:0,0,0,0:0:0
29/05/16,14:21:35,+22,1,0,13838,37,6:9:40,22183,75,4:53:10,19498,52,6:10:48,0,0,0:0:0,0,0,0:0:0,0,0,0:0:0,0,0,0:0:0,0,0,0:0:0
29/05/16,14:22:35,+22,1,0,13838,37,6:9:40,22255,75,4:54:12,19549,52,6:11:50,0,0,0:0:0,0,0,0:0:0,0,0,0:0:0,0,0,0:0:0,0,0,0:0:0
29/05/16,14:23:35,+22,1,0,13838,37,6:9:40,22327,75,4:55:14,19599,52,6:12:52,0,0,0:0:0,0,0,0:0:0,0,0,0:0:0,0,0,0:0:0,0,0,0:0:0
29/05/16,14:24:35,+22,1,0,13838,37,6:9:39,22399,75,4:56:16,19650,52,6:13:54,0,0,0:0:0,0,0,0:0:0,0,0,0:0:0,0,0,0:0:0,0,0,0:0:0
29/05/16,14:25:35,+22,1,0,13838,37,6:9:40,22471,75,4:57:19,19700,52,6:14:57,0,0,0:0:0,0,0,0:0:0,0,0,0:0:0,0,0,0:0:0,0,0,0:0:0
29/05/16,14:26:35,+22,1,0,13838,37,6:9:42,22543,75,4:58:21,19750,52,6:15:59,0,0,0:0:0,0,0,0:0:0,0,0,0:0:0,0,0,0:0:0,0,0,0:0:0
29/05/16,14:27:35,+22,1,0,13855,37,6:10:21,22614,75,4:59:23,19800,52,6:17:1,0,0,0:0:0,0,0,0:0:0,0,0,0:0:0,0,0,0:0:0,0,0,0:0:0
29/05/16,14:28:35,+22,1,0,13883,37,6:11:23,22686,75,5:0:25,19853,52,6:18:3,0,0,0:0:0,0,0,0:0:0,0,0,0:0:0,0,0,0:0:0,0,0,0:0:0
29/05/16,14:29:35,+22,1,0,13911,37,6:12:25,22757,75,5:1:27,19905,52,6:19:5,0,0,0:0:0,0,0,0:0:0,0,0,0:0:0,0,0,0:0:0,0,0,0:0:0
29/05/16,14:30:35,+22,1,0,13939,37,6:13:28,22829,75,5:2:30,19957,52,6:20:8,0,0,0:0:0,0,0,0:0:0,0,0,0:0:0,0,0,0:0:0,0,0,0:0:0
29/05/16,14:31:35,+22,1,0,13966,37,6:14:30,22900,75,5:3:32,20009,52,6:21:10,0,0,0:0:0,0,0,0:0:0,0,0,0:0:0,0,0,0:0:0,0,0,0:0:0
29/05/16,14:32:35,+22,1,0,13994,37,6:15:32,22971,75,5:4:34,20061,52,6:22:12,0,0,0:0:0,0,0,0:0:0,0,0,0:0:0,0,0,0:0:0,0,0,0:0:0
29/05/16,14:33:35,+22,1,0,14022,37,6:16:34,23043,75,5:5:36,20112,52,6:23:14,0,0,0:0:0,0,0,0:0:0,0,0,0:0:0,0,0,0:0:0,0,0,0:0:0
29/05/16,14:34:35,+22,1,0,14050,37,6:17:36,23114,75,5:6:38,20164,52,6:24:16,0,0,0:0:0,0,0,0:0:0,0,0,0:0:0,0,0,0:0:0,0,0,0:0:0
29/05/16,14:35:35,+22,1,0,14078,37,6:18:39,23186,75,5:7:41,20216,52,6:25:19,0,0,0:0:0,0,0,0:0:0,0,0,0:0:0,0,0,0:0:0,0,0,0:0:0
29/05/16,14:36:35,+22,1,0,14105,37,6:19:41,23258,75,5:8:43,20268,52,6:26:21,0,0,0:0:0,0,0,0:0:0,0,0,0:0:0,0,0,0:0:0,0,0,0:0:0
29/05/16,14:37:35,+22,1,0,14133,37,6:20:43,23329,75,5:9:45,20320,52,6:27:23,0,0,0:0:0,0,0,0:0:0,0,0,0:0:0,0,0,0:0:0,0,0,0:0:0
29/05/16,14:38:35,+22,1,0,14160,37,6:21:45,23400,75,5:10:47,20372,52,6:28:25,0,0,0:0:0,0,0,0:0:0,0,0,0:0:0,0,0,0:0:0,0,0,0:0:0
29/05/16,14:39:35,+22,1,0,14188,37,6:22:47,23472,75,5:11:49,20424,52,6:29:27,0,0,0:0:0,0,0,0:0:0,0,0,0:0:0,0,0,0:0:0,0,0,0:0:0
29/05/16,14:40:35,+22,1,0,14216,37,6:23:50,23543,75,5:12:52,20476,52,6:30:30,0,0,0:0:0,0,0,0:0:0,0,0,0:0:0,0,0,0:0:0,0,0,0:0:0
29/05/16,14:41:35,+22,1,0,14243,37,6:24:52,23615,75,5:13:54,20528,52,6:31:32,0,0,0:0:0,0,0,0:0:0,0,0,0:0:0,0,0,0:0:0,0,0,0:0:0
29/05/16,14:42:35,+22,1,0,14271,36,6:25:54,23686,75,5:14:56,20580,52,6:32:34,0,0,0:0:0,0,0,0:0:0,0,0,0:0:0,0,0,0:0:0,0,0,0:0:0
29/05/16,14:43:35,+22,1,0,14299,36,6:26:56,23758,75,5:15:58,20632,52,6:33:36,0,0,0:0:0,0,0,0:0:0,0,0,0:0:0,0,0,0:0:0,0,0,0:0:0
29/05/16,14:44:35,+22,1,0,14326,36,6:27:58,23829,75,5:17:0,20684,52,6:34:38,0,0,0:0:0,0,0,0:0:0,0,0,0:0:0,0,0,0:0:0,0,0,0:0:0
29/05/16,14:45:35,+22,1,0,14354,36,6:29:1,23900,75,5:18:3,20736,52,6:35:41,0,0,0:0:0,0,0,0:0:0,0,0,0:0:0,0,0,0:0:0,0,0,0:0:0
29/05/16,14:46:35,+22,1,0,14381,36,6:30:3,23972,75,5:19:5,20784,52,6:36:43,0,0,0:0:0,0,0,0:0:0,0,0,0:0:0,0,0,0:0:0,0,0,0:0:0
29/05/16,14:47:35,+22,1,0,14409,36,6:31:5,24043,75,5:20:7,20797,52,6:37:45,0,0,0:0:0,0,0,0:0:0,0,0,0:0:0,0,0,0:0:0,0,0,0:0:0
29/05/16,14:48:35,+22,1,0,14437,36,6:32:7,24115,75,5:21:9,20818,52,6:38:47,0,0,0:0:0,0,0,0:0:0,0,0,0:0:0,0,0,0:0:0,0,0,0:0:0
29/05/16,14:49:35,+22,1,0,14464,36,6:33:10,24187,75,5:22:12,20844,52,6:39:50,0,0,0:0:0,0,0,0:0:0,0,0,0:0:0,0,0,0:0:0,0,0,0:0:0
29/05/16,14:50:35,+22,1,0,14492,36,6:34:12,24259,75,5:23:14,20891,52,6:40:52,0,0,0:0:0,0,0,0:0:0,0,0,0:0:0,0,0,0:0:0,0,0,0:0:0
29/05/16,14:51:35,+22,1,0,14520,36,6:35:14,24330,75,5:24:16,20941,52,6:41:54,0,0,0:0:0,0,0,0:0:0,0,0,0:0:0,0,0,0:0:0,0,0,0:0:0
29/05/16,14:52:35,+22,1,0,14548,36,6:36:16,24402,75,5:25:18,20991,52,6:42:56,0,0,0:0:0,0,0,0:0:0,0,0,0:0:0,0,0,0:0:0,0,0,0:0:0
29/05/16,14:53:35,+22,1,0,14575,36,6:37:18,24474,74,5:26:20,21041,52,6:43:58,0,0,0:0:0,0,0,0:0:0,0,0,0:0:0,0,0,0:0:0,0,0,0:0:0
29/05/16,14:54:35,+22,1,0,14603,36,6:38:21,24545,74,5:27:23,21091,52,6:45:1,0,0,0:0:0,0,0,0:0:0,0,0,0:0:0,0,0,0:0:0,0,0,0:0:0
29/05/16,14:55:35,+22,1,0,14630,36,6:39:23,24617,74,5:28:25,21141,52,6:46:3,0,0,0:0:0,0,0,0:0:0,0,0,0:0:0,0,0,0:0:0,0,0,0:0:0
29/05/16,14:56:35,+22,1,0,14658,36,6:40:25,24688,74,5:29:27,21191,52,6:47:5,0,0,0:0:0,0,0,0:0:0,0,0,0:0:0,0,0,0:0:0,0,0,0:0:0
29/05/16,14:57:35,+22,1,0,14685,36,6:41:27,24759,74,5:30:29,21234,52,6:48:7,0,0,0:0:0,0,0,0:0:0,0,0,0:0:0,0,0,0:0:0,0,0,0:0:0
29/05/16,14:58:35,+22,1,0,14713,36,6:42:29,24829,74,5:31:31,21256,52,6:48:36,0,0,0:0:0,0,0,0:0:0,0,0,0:0:0,0,0,0:0:0,0,0,0:0:0
29/05/16,14:59:35,+22,1,0,14730,36,6:43:8,24897,74,5:32:34,21256,52,6:48:37,0,0,0:0:0,0,0,0:0:0,0,0,0:0:0,0,0,0:0:0,0,0,0:0:0
29/05/16,15:00:35,+22,1,0,14730,36,6:43:13,24965,74,5:33:36,21284,51,6:49:21,0,0,0:0:0,0,0,0:0:0,0,0,0:0:0,0,0,0:0:0,0,0,0:0:0
29/05/16,15:01:35,+22,1,0,14748,36,6:44:8,25033,74,5:34:38,21334,51,6:50:23,0,0,0:0:0,0,0,0:0:0,0,0,0:0:0,0,0,0:0:0,0,0,0:0:0
29/05/16,15:02:35,+22,1,0,14768,36,6:45:10,25101,74,5:35:40,21384,51,6:51:25,0,0,0:0:0,0,0,0:0:0,0,0,0:0:0,0,0,0:0:0,0,0,0:0:0
29/05/16,15:03:35,+22,1,0,14795,36,6:46:12,25169,74,5:36:42,21434,51,6:52:27,0,0,0:0:0,0,0,0:0:0,0,0,0:0:0,0,0,0:0:0,0,0,0:0:0
29/05/16,15:04:35,+22,1,0,14821,36,6:47:7,25236,74,5:37:45,21483,51,6:53:30,0,0,0:0:0,0,0,0:0:0,0,0,0:0:0,0,0,0:0:0,0,0,0:0:0
29/05/16,15:05:35,+22,1,0,14821,36,6:47:7,25303,74,5:38:47,21533,51,6:54:32,0,0,0:0:0,0,0,0:0:0,0,0,0:0:0,0,0,0:0:0,0,0,0:0:0
29/05/16,15:06:35,+22,1,0,14834,36,6:48:4,25304,74,5:38:50,21583,51,6:55:34,0,0,0:0:0,0,0,0:0:0,0,0,0:0:0,0,0,0:0:0,0,0,0:0:0
29/05/16,15:07:35,+22,1,0,14846,36,6:49:6,25304,74,5:38:50,21632,51,6:56:36,0,0,0:0:0,0,0,0:0:0,0,0,0:0:0,0,0,0:0:0,0,0,0:0:0
29/05/16,15:08:35,+22,1,0,14868,36,6:50:8,25336,74,5:39:48,21683,51,6:57:38,0,0,0:0:0,0,0,0:0:0,0,0,0:0:0,0,0,0:0:0,0,0,0:0:0
29/05/16,15:09:35,+22,1,0,14869,36,6:50:11,25405,74,5:40:50,21732,51,6:58:41,0,0,0:0:0,0,0,0:0:0,0,0,0:0:0,0,0,0:0:0,0,0,0:0:0
29/05/16,15:10:35,+22,1,0,14869,36,6:50:11,25473,74,5:41:52,21782,51,6:59:43,0,0,0:0:0,0,0,0:0:0,0,0,0:0:0,0,0,0:0:0,0,0,0:0:0
29/05/16,15:11:35,+22,1,0,14869,36,6:50:11,25542,74,5:42:54,21831,51,7:0:45,0,0,0:0:0,0,0,0:0:0,0,0,0:0:0,0,0,0:0:0,0,0,0:0:0
29/05/16,15:12:35,+22,1,0,14869,36,6:50:10,25611,74,5:43:57,21881,51,7:1:47,0,0,0:0:0,0,0,0:0:0,0,0,0:0:0,0,0,0:0:0,0,0,0:0:0
29/05/16,15:13:35,+22,1,0,14882,36,6:50:48,25680,74,5:44:59,21931,51,7:2:49,0,0,0:0:0,0,0,0:0:0,0,0,0:0:0,0,0,0:0:0,0,0,0:0:0
29/05/16,15:14:35,+22,1,0,14935,36,6:51:51,25749,74,5:46:1,21981,51,7:3:52,0,0,0:0:0,0,0,0:0:0,0,0,0:0:0,0,0,0:0:0,0,0,0:0:0
29/05/16,15:15:35,+22,1,0,15001,36,6:52:53,25817,74,5:47:4,22030,51,7:4:54,0,0,0:0:0,0,0,0:0:0,0,0,0:0:0,0,0,0:0:0,0,0,0:0:0
29/05/16,15:16:35,+22,1,0,15041,36,6:53:55,25888,74,5:48:6,22080,51,7:5:56,0,0,0:0:0,0,0,0:0:0,0,0,0:0:0,0,0,0:0:0,0,0,0:0:0
29/05/16,15:17:35,+22,1,0,15079,36,6:54:58,25960,74,5:49:8,22130,51,7:6:59,0,0,0:0:0,0,0,0:0:0,0,0,0:0:0,0,0,0:0:0,0,0,0:0:0
29/05/16,15:18:35,+22,1,0,15137,36,6:56:0,26032,74,5:50:10,22180,51,7:8:1,0,0,0:0:0,0,0,0:0:0,0,0,0:0:0,0,0,0:0:0,0,0,0:0:0
29/05/16,15:19:35,+22,1,0,15195,36,6:57:2,26104,74,5:51:12,22229,51,7:9:3,0,0,0:0:0,0,0,0:0:0,0,0,0:0:0,0,0,0:0:0,0,0,0:0:0
29/05/16,15:20:35,+22,1,0,15254,36,6:58:4,26177,74,5:52:15,22279,51,7:10:5,0,0,0:0:0,0,0,0:0:0,0,0,0:0:0,0,0,0:0:0,0,0,0:0:0
29/05/16,15:21:35,+22,1,0,15312,36,6:59:6,26249,74,5:53:17,22329,51,7:11:7,0,0,0:0:0,0,0,0:0:0,0,0,0:0:0,0,0,0:0:0,0,0,0:0:0
29/05/16,15:22:35,+22,1,0,15370,36,7:0:9,26321,74,5:54:19,22363,51,7:12:8,0,0,0:0:0,0,0,0:0:0,0,0,0:0:0,0,0,0:0:0,0,0,0:0:0
29/05/16,15:23:35,+22,1,0,15428,36,7:1:11,26393,74,5:55:21,22374,51,7:12:36,0,0,0:0:0,0,0,0:0:0,0,0,0:0:0,0,0,0:0:0,0,0,0:0:0
29/05/16,15:24:35,+22,1,0,15487,36,7:2:13,26465,74,5:56:23,22422,51,7:13:38,0,0,0:0:0,0,0,0:0:0,0,0,0:0:0,0,0,0:0:0,0,0,0:0:0
29/05/16,15:25:35,+22,1,0,15545,36,7:3:15,26538,74,5:57:25,22471,51,7:14:40,0,0,0:0:0,0,0,0:0:0,0,0,0:0:0,0,0,0:0:0,0,0,0:0:0
29/05/16,15:26:35,+22,1,0,15603,36,7:4:17,26610,74,5:58:28,22520,51,7:15:42,0,0,0:0:0,0,0,0:0:0,0,0,0:0:0,0,0,0:0:0,0,0,0:0:0
29/05/16,15:27:35,+22,1,0,15661,36,7:5:20,26682,74,5:59:30,22568,51,7:16:45,0,0,0:0:0,0,0,0:0:0,0,0,0:0:0,0,0,0:0:0,0,0,0:0:0
29/05/16,15:28:35,+22,1,0,15719,36,7:6:22,26754,74,6:0:32,22617,51,7:17:47,0,0,0:0:0,0,0,0:0:0,0,0,0:0:0,0,0,0:0:0,0,0,0:0:0
29/05/16,15:29:35,+22,1,0,15777,36,7:7:24,26827,74,6:1:34,22665,51,7:18:49,0,0,0:0:0,0,0,0:0:0,0,0,0:0:0,0,0,0:0:0,0,0,0:0:0
29/05/16,15:30:35,+22,1,0,15835,36,7:8:26,26899,74,6:2:36,22714,51,7:19:51,0,0,0:0:0,0,0,0:0:0,0,0,0:0:0,0,0,0:0:0,0,0,0:0:0
29/05/16,15:31:35,+22,1,0,15877,36,7:9:12,26971,74,6:3:39,22763,51,7:20:53,0,0,0:0:0,0,0,0:0:0,0,0,0:0:0,0,0,0:0:0,0,0,0:0:0
29/05/16,15:32:35,+22,1,0,15885,36,7:9:46,27044,74,6:4:41,22812,51,7:21:56,0,0,0:0:0,0,0,0:0:0,0,0,0:0:0,0,0,0:0:0,0,0,0:0:0
29/05/16,15:33:35,+22,1,0,15925,36,7:10:48,27117,74,6:5:43,22860,51,7:22:58,0,0,0:0:0,0,0,0:0:0,0,0,0:0:0,0,0,0:0:0,0,0,0:0:0
29/05/16,15:34:35,+22,1,0,15985,37,7:11:50,27189,74,6:6:45,22909,51,7:24:0,0,0,0:0:0,0,0,0:0:0,0,0,0:0:0,0,0,0:0:0,0,0,0:0:0
29/05/16,15:35:35,+22,1,0,16046,37,7:12:52,27261,74,6:7:47,22958,51,7:25:2,0,0,0:0:0,0,0,0:0:0,0,0,0:0:0,0,0,0:0:0,0,0,0:0:0
29/05/16,15:36:35,+22,1,0,16106,37,7:13:54,27334,74,6:8:50,23006,51,7:26:4,0,0,0:0:0,0,0,0:0:0,0,0,0:0:0,0,0,0:0:0,0,0,0:0:0
29/05/16,15:37:35,+22,1,0,16167,37,7:14:56,27389,74,6:9:52,23055,51,7:27:6,0,0,0:0:0,0,0,0:0:0,0,0,0:0:0,0,0,0:0:0,0,0,0:0:0
29/05/16,15:38:35,+22,1,0,16229,37,7:15:59,27425,73,6:10:54,23104,51,7:28:9,0,0,0:0:0,0,0,0:0:0,0,0,0:0:0,0,0,0:0:0,0,0,0:0:0
29/05/16,15:39:35,+22,1,0,16290,37,7:17:1,27461,73,6:11:57,23153,51,7:29:11,0,0,0:0:0,0,0,0:0:0,0,0,0:0:0,0,0,0:0:0,0,0,0:0:0
29/05/16,15:40:35,+22,1,0,16351,37,7:18:3,27514,73,6:12:59,23201,51,7:30:13,0,0,0:0:0,0,0,0:0:0,0,0,0:0:0,0,0,0:0:0,0,0,0:0:0
29/05/16,15:41:35,+22,1,0,16412,37,7:19:6,27586,73,6:14:1,23250,51,7:31:16,0,0,0:0:0,0,0,0:0:0,0,0,0:0:0,0,0,0:0:0,0,0,0:0:0
29/05/16,15:42:35,+22,1,0,16473,37,7:20:8,27658,73,6:15:3,23298,51,7:32:18,0,0,0:0:0,0,0,0:0:0,0,0,0:0:0,0,0,0:0:0,0,0,0:0:0
29/05/16,15:43:35,+22,1,0,16534,37,7:21:10,27729,73,6:16:5,23348,51,7:33:20,0,0,0:0:0,0,0,0:0:0,0,0,0:0:0,0,0,0:0:0,0,0,0:0:0
29/05/16,15:44:35,+22,1,0,16594,37,7:22:12,27801,73,6:17:8,23396,51,7:34:22,0,0,0:0:0,0,0,0:0:0,0,0,0:0:0,0,0,0:0:0,0,0,0:0:0
29/05/16,15:45:35,+22,1,0,16655,37,7:23:14,27873,73,6:18:10,23445,51,7:35:24,0,0,0:0:0,0,0,0:0:0,0,0,0:0:0,0,0,0:0:0,0,0,0:0:0
29/05/16,15:46:36,+22,1,0,16716,37,7:24:17,27946,73,6:19:12,23493,51,7:36:27,0,0,0:0:0,0,0,0:0:0,0,0,0:0:0,0,0,0:0:0,0,0,0:0:0
29/05/16,15:47:36,+22,1,0,16777,37,7:25:19,28018,73,6:20:14,23542,51,7:37:29,0,0,0:0:0,0,0,0:0:0,0,0,0:0:0,0,0,0:0:0,0,0,0:0:0
29/05/16,15:48:36,+22,1,0,16838,37,7:26:21,28087,73,6:21:16,23590,51,7:38:31,0,0,0:0:0,0,0,0:0:0,0,0,0:0:0,0,0,0:0:0,0,0,0:0:0
29/05/16,15:49:36,+22,1,0,16898,37,7:27:23,28156,73,6:22:18,23639,51,7:39:33,0,0,0:0:0,0,0,0:0:0,0,0,0:0:0,0,0,0:0:0,0,0,0:0:0
29/05/16,15:50:36,+22,1,0,16959,37,7:28:25,28227,73,6:23:21,23687,51,7:40:35,0,0,0:0:0,0,0,0:0:0,0,0,0:0:0,0,0,0:0:0,0,0,0:0:0
29/05/16,15:51:36,+22,1,0,17020,37,7:29:28,28298,73,6:24:23,23736,51,7:41:38,0,0,0:0:0,0,0,0:0:0,0,0,0:0:0,0,0,0:0:0,0,0,0:0:0
29/05/16,15:52:36,+22,1,0,17081,37,7:30:30,28369,73,6:25:25,23784,51,7:42:40,0,0,0:0:0,0,0,0:0:0,0,0,0:0:0,0,0,0:0:0,0,0,0:0:0
29/05/16,15:53:36,+22,1,0,17119,37,7:31:12,28441,73,6:26:27,23832,51,7:43:42,0,0,0:0:0,0,0,0:0:0,0,0,0:0:0,0,0,0:0:0,0,0,0:0:0
29/05/16,15:54:36,+22,1,0,17121,37,7:31:19,28512,73,6:27:29,23878,51,7:44:44,0,0,0:0:0,0,0,0:0:0,0,0,0:0:0,0,0,0:0:0,0,0,0:0:0
29/05/16,15:55:36,+22,1,0,17136,37,7:32:21,28584,73,6:28:32,23925,51,7:45:46,0,0,0:0:0,0,0,0:0:0,0,0,0:0:0,0,0,0:0:0,0,0,0:0:0
29/05/16,15:56:36,+22,1,0,17161,37,7:33:12,28656,73,6:29:34,23974,51,7:46:49,0,0,0:0:0,0,0,0:0:0,0,0,0:0:0,0,0,0:0:0,0,0,0:0:0
29/05/16,15:57:36,+22,1,0,17161,37,7:33:12,28727,73,6:30:36,24023,51,7:47:51,0,0,0:0:0,0,0,0:0:0,0,0,0:0:0,0,0,0:0:0,0,0,0:0:0
29/05/16,15:58:36,+22,1,0,17161,37,7:33:12,28799,73,6:31:38,24071,51,7:48:53,0,0,0:0:0,0,0,0:0:0,0,0,0:0:0,0,0,0:0:0,0,0,0:0:0
29/05/16,15:59:36,+22,1,0,17161,37,7:33:11,28871,73,6:32:40,24120,51,7:49:55,0,0,0:0:0,0,0,0:0:0,0,0,0:0:0,0,0,0:0:0,0,0,0:0:0
29/05/16,16:00:36,+22,1,0,17161,37,7:33:11,28943,73,6:33:43,24168,51,7:50:57,0,0,0:0:0,0,0,0:0:0,0,0,0:0:0,0,0,0:0:0,0,0,0:0:0
29/05/16,16:01:36,+22,1,0,17165,37,7:33:40,29015,73,6:34:45,24217,51,7:52:0,0,0,0:0:0,0,0,0:0:0,0,0,0:0:0,0,0,0:0:0,0,0,0:0:0
29/05/16,16:02:36,+22,1,0,17184,37,7:34:42,29087,73,6:35:47,24265,51,7:53:2,0,0,0:0:0,0,0,0:0:0,0,0,0:0:0,0,0,0:0:0,0,0,0:0:0
29/05/16,16:03:36,+22,1,0,17215,37,7:35:44,29159,73,6:36:49,24314,51,7:54:4,0,0,0:0:0,0,0,0:0:0,0,0,0:0:0,0,0,0:0:0,0,0,0:0:0
29/05/16,16:04:36,+22,1,0,17251,37,7:36:46,29231,73,6:37:52,24363,51,7:55:6,0,0,0:0:0,0,0,0:0:0,0,0,0:0:0,0,0,0:0:0,0,0,0:0:0
29/05/16,16:05:36,+22,1,0,17287,37,7:37:49,29303,73,6:38:54,24411,51,7:56:9,0,0,0:0:0,0,0,0:0:0,0,0,0:0:0,0,0,0:0:0,0,0,0:0:0
29/05/16,16:06:36,+22,1,0,17327,37,7:38:51,29375,73,6:39:56,24460,51,7:57:11,0,0,0:0:0,0,0,0:0:0,0,0,0:0:0,0,0,0:0:0,0,0,0:0:0
29/05/16,16:07:36,+22,1,0,17367,37,7:39:53,29448,73,6:40:58,24496,51,7:57:58,0,0,0:0:0,0,0,0:0:0,0,0,0:0:0,0,0,0:0:0,0,0,0:0:0
29/05/16,16:08:36,+22,1,0,17408,37,7:40:55,29520,73,6:42:0,24496,51,7:57:58,0,0,0:0:0,0,0,0:0:0,0,0,0:0:0,0,0,0:0:0,0,0,0:0:0
29/05/16,16:09:36,+22,1,0,17448,37,7:41:57,29575,73,6:42:50,24516,51,7:58:41,0,0,0:0:0,0,0,0:0:0,0,0,0:0:0,0,0,0:0:0,0,0,0:0:0
29/05/16,16:10:36,+22,1,0,17463,37,7:42:25,29575,73,6:42:51,24570,51,7:59:44,0,0,0:0:0,0,0,0:0:0,0,0,0:0:0,0,0,0:0:0,0,0,0:0:0
29/05/16,16:11:36,+22,1,0,17483,37,7:43:17,29575,73,6:42:51,24624,51,8:0:46,0,0,0:0:0,0,0,0:0:0,0,0,0:0:0,0,0,0:0:0,0,0,0:0:0
29/05/16,16:12:36,+22,1,0,17522,37,7:44:19,29603,73,6:43:39,24674,51,8:1:48,0,0,0:0:0,0,0,0:0:0,0,0,0:0:0,0,0,0:0:0,0,0,0:0:0
29/05/16,16:13:36,+22,1,0,17562,37,7:45:21,29666,73,6:44:41,24725,51,8:2:50,0,0,0:0:0,0,0,0:0:0,0,0,0:0:0,0,0,0:0:0,0,0,0:0:0
29/05/16,16:14:36,+22,1,0,17602,37,7:46:23,29732,73,6:45:43,24775,51,8:3:52,0,0,0:0:0,0,0,0:0:0,0,0,0:0:0,0,0,0:0:0,0,0,0:0:0
29/05/16,16:15:36,+22,1,0,17642,37,7:47:26,29790,73,6:46:46,24826,51,8:4:55,0,0,0:0:0,0,0,0:0:0,0,0,0:0:0,0,0,0:0:0,0,0,0:0:0
29/05/16,16:16:36,+22,1,0,17681,37,7:48:28,29815,73,6:47:48,24876,51,8:5:57,0,0,0:0:0,0,0,0:0:0,0,0,0:0:0,0,0,0:0:0,0,0,0:0:0
29/05/16,16:17:36,+22,1,0,17721,37,7:49:30,29834,72,6:48:50,24927,51,8:6:59,0,0,0:0:0,0,0,0:0:0,0,0,0:0:0,0,0,0:0:0,0,0,0:0:0
29/05/16,16:18:36,+22,1,0,17761,37,7:50:32,29863,72,6:49:52,24977,51,8:8:1,0,0,0:0:0,0,0,0:0:0,0,0,0:0:0,0,0,0:0:0,0,0,0:0:0
29/05/16,16:19:36,+22,1,0,17800,37,7:51:34,29891,72,6:50:54,25028,51,8:9:3,0,0,0:0:0,0,0,0:0:0,0,0,0:0:0,0,0,0:0:0,0,0,0:0:0
29/05/16,16:20:36,+22,1,0,17804,37,7:51:58,29914,72,6:51:57,25078,51,8:10:6,0,0,0:0:0,0,0,0:0:0,0,0,0:0:0,0,0,0:0:0,0,0,0:0:0
29/05/16,16:21:36,+22,1,0,17807,37,7:52:20,29971,72,6:52:59,25129,51,8:11:8,0,0,0:0:0,0,0,0:0:0,0,0,0:0:0,0,0,0:0:0,0,0,0:0:0
29/05/16,16:22:36,+22,1,0,17810,37,7:52:39,30055,72,6:54:1,25180,51,8:12:10,0,0,0:0:0,0,0,0:0:0,0,0,0:0:0,0,0,0:0:0,0,0,0:0:0
29/05/16,16:23:36,+22,1,0,17820,37,7:53:8,30155,72,6:55:3,25231,51,8:13:12,0,0,0:0:0,0,0,0:0:0,0,0,0:0:0,0,0,0:0:0,0,0,0:0:0
29/05/16,16:24:36,+22,1,0,17853,37,7:54:10,30256,72,6:56:5,25281,51,8:14:14,0,0,0:0:0,0,0,0:0:0,0,0,0:0:0,0,0,0:0:0,0,0,0:0:0
29/05/16,16:25:36,+22,1,0,17853,37,7:54:13,30353,72,6:57:8,25332,51,8:15:17,0,0,0:0:0,0,0,0:0:0,0,0,0:0:0,0,0,0:0:0,0,0,0:0:0
29/05/16,16:26:36,+22,1,0,17853,37,7:54:15,30453,72,6:58:10,25383,51,8:16:19,0,0,0:0:0,0,0,0:0:0,0,0,0:0:0,0,0,0:0:0,0,0,0:0:0
29/05/16,16:27:36,+22,1,0,17880,37,7:55:12,30558,72,6:59:12,25433,51,8:17:21,0,0,0:0:0,0,0,0:0:0,0,0,0:0:0,0,0,0:0:0,0,0,0:0:0
29/05/16,16:28:36,+22,1,0,17913,37,7:56:14,30667,72,7:0:14,25483,51,8:18:23,0,0,0:0:0,0,0,0:0:0,0,0,0:0:0,0,0,0:0:0,0,0,0:0:0
29/05/16,16:29:36,+22,1,0,17945,37,7:57:17,30781,73,7:1:17,25534,51,8:19:26,0,0,0:0:0,0,0,0:0:0,0,0,0:0:0,0,0,0:0:0,0,0,0:0:0
29/05/16,16:30:36,+22,1,0,17976,37,7:58:19,30895,73,7:2:19,25585,51,8:20:28,0,0,0:0:0,0,0,0:0:0,0,0,0:0:0,0,0,0:0:0,0,0,0:0:0
29/05/16,16:31:36,+22,1,0,18007,37,7:59:21,31009,73,7:3:21,25635,51,8:21:30,0,0,0:0:0,0,0,0:0:0,0,0,0:0:0,0,0,0:0:0,0,0,0:0:0
29/05/16,16:32:36,+22,1,0,18039,37,8:0:23,31122,73,7:4:23,25686,51,8:22:32,0,0,0:0:0,0,0,0:0:0,0,0,0:0:0,0,0,0:0:0,0,0,0:0:0
29/05/16,16:33:36,+22,1,0,18070,37,8:1:25,31236,73,7:5:25,25736,51,8:23:34,0,0,0:0:0,0,0,0:0:0,0,0,0:0:0,0,0,0:0:0,0,0,0:0:0
29/05/16,16:34:36,+22,1,0,18101,37,8:2:28,31349,73,7:6:28,25786,51,8:24:37,0,0,0:0:0,0,0,0:0:0,0,0,0:0:0,0,0,0:0:0,0,0,0:0:0
29/05/16,16:35:36,+22,1,0,18132,37,8:3:30,31462,73,7:7:30,25837,51,8:25:39,0,0,0:0:0,0,0,0:0:0,0,0,0:0:0,0,0,0:0:0,0,0,0:0:0
29/05/16,16:36:36,+22,1,0,18163,37,8:4:32,31575,73,7:8:32,25888,51,8:26:41,0,0,0:0:0,0,0,0:0:0,0,0,0:0:0,0,0,0:0:0,0,0,0:0:0
29/05/16,16:37:36,+22,1,0,18195,37,8:5:34,31689,73,7:9:34,25938,51,8:27:43,0,0,0:0:0,0,0,0:0:0,0,0,0:0:0,0,0,0:0:0,0,0,0:0:0
29/05/16,16:38:36,+22,1,0,18226,37,8:6:36,31803,73,7:10:36,25989,51,8:28:45,0,0,0:0:0,0,0,0:0:0,0,0,0:0:0,0,0,0:0:0,0,0,0:0:0
29/05/16,16:39:36,+22,1,0,18258,37,8:7:39,31917,73,7:11:39,26040,51,8:29:48,0,0,0:0:0,0,0,0:0:0,0,0,0:0:0,0,0,0:0:0,0,0,0:0:0
29/05/16,16:40:36,+22,1,0,18289,37,8:8:41,32031,74,7:12:41,26090,51,8:30:50,0,0,0:0:0,0,0,0:0:0,0,0,0:0:0,0,0,0:0:0,0,0,0:0:0
29/05/16,16:41:36,+22,1,0,18320,37,8:9:43,32146,74,7:13:43,26141,51,8:31:52,0,0,0:0:0,0,0,0:0:0,0,0,0:0:0,0,0,0:0:0,0,0,0:0:0
29/05/16,16:42:36,+22,1,0,18351,37,8:10:45,32261,74,7:14:45,26191,51,8:32:54,0,0,0:0:0,0,0,0:0:0,0,0,0:0:0,0,0,0:0:0,0,0,0:0:0
29/05/16,16:43:36,+22,1,0,18382,37,8:11:47,32376,74,7:15:47,26242,51,8:33:56,0,0,0:0:0,0,0,0:0:0,0,0,0:0:0,0,0,0:0:0,0,0,0:0:0
29/05/16,16:44:36,+22,1,0,18405,37,8:12:50,32490,74,7:16:50,26292,51,8:34:59,0,0,0:0:0,0,0,0:0:0,0,0,0:0:0,0,0,0:0:0,0,0,0:0:0
29/05/16,16:45:36,+22,1,0,18429,37,8:13:52,32604,74,7:17:52,26343,51,8:36:1,0,0,0:0:0,0,0,0:0:0,0,0,0:0:0,0,0,0:0:0,0,0,0:0:0
29/05/16,16:46:36,+22,1,0,18471,37,8:14:54,32719,74,7:18:54,26394,51,8:37:3,0,0,0:0:0,0,0,0:0:0,0,0,0:0:0,0,0,0:0:0,0,0,0:0:0
29/05/16,16:47:36,+22,1,0,18518,37,8:15:56,32834,74,7:19:56,26444,51,8:38:5,0,0,0:0:0,0,0,0:0:0,0,0,0:0:0,0,0,0:0:0,0,0,0:0:0
29/05/16,16:48:36,+22,1,0,18565,37,8:16:58,32926,74,7:20:58,26495,51,8:39:7,0,0,0:0:0,0,0,0:0:0,0,0,0:0:0,0,0,0:0:0,0,0,0:0:0
29/05/16,16:49:36,+22,1,0,18613,37,8:18:1,33040,74,7:22:1,26546,51,8:40:10,0,0,0:0:0,0,0,0:0:0,0,0,0:0:0,0,0,0:0:0,0,0,0:0:0
29/05/16,16:50:36,+22,1,0,18660,37,8:19:3,33155,74,7:23:3,26597,51,8:41:12,0,0,0:0:0,0,0,0:0:0,0,0,0:0:0,0,0,0:0:0,0,0,0:0:0
29/05/16,16:51:36,+22,1,0,18707,37,8:20:5,33269,74,7:24:5,26648,51,8:42:14,0,0,0:0:0,0,0,0:0:0,0,0,0:0:0,0,0,0:0:0,0,0,0:0:0
29/05/16,16:52:36,+22,1,0,18755,37,8:21:7,33383,74,7:25:7,26699,51,8:43:16,0,0,0:0:0,0,0,0:0:0,0,0,0:0:0,0,0,0:0:0,0,0,0:0:0
29/05/16,16:53:36,+22,1,0,18802,37,8:22:9,33498,75,7:26:9,26749,51,8:44:18,0,0,0:0:0,0,0,0:0:0,0,0,0:0:0,0,0,0:0:0,0,0,0:0:0
29/05/16,16:54:36,+22,1,0,18849,37,8:23:12,33613,75,7:27:12,26800,51,8:45:21,0,0,0:0:0,0,0,0:0:0,0,0,0:0:0,0,0,0:0:0,0,0,0:0:0
29/05/16,16:55:36,+22,1,0,18896,37,8:24:14,33728,75,7:28:14,26851,51,8:46:23,0,0,0:0:0,0,0,0:0:0,0,0,0:0:0,0,0,0:0:0,0,0,0:0:0
29/05/16,16:56:36,+22,1,0,18955,37,8:25:16,33842,75,7:29:16,26902,51,8:47:25,0,0,0:0:0,0,0,0:0:0,0,0,0:0:0,0,0,0:0:0,0,0,0:0:0
29/05/16,16:57:36,+22,1,0,18988,37,8:26:8,33957,75,7:30:18,26952,51,8:48:27,0,0,0:0:0,0,0,0:0:0,0,0,0:0:0,0,0,0:0:0,0,0,0:0:0
29/05/16,16:58:36,+22,1,0,18988,37,8:26:8,34072,75,7:31:21,27003,50,8:49:30,0,0,0:0:0,0,0,0:0:0,0,0,0:0:0,0,0,0:0:0,0,0,0:0:0
29/05/16,16:59:36,+22,1,0,18989,37,8:26:12,34187,75,7:32:23,27054,50,8:50:32,0,0,0:0:0,0,0,0:0:0,0,0,0:0:0,0,0,0:0:0,0,0,0:0:0
29/05/16,17:00:36,+22,1,0,18989,37,8:26:15,34302,75,7:33:25,27104,50,8:51:34,0,0,0:0:0,0,0,0:0:0,0,0,0:0:0,0,0,0:0:0,0,0,0:0:0
29/05/16,17:01:36,+22,1,0,19014,37,8:27:17,34418,75,7:34:27,27155,50,8:52:36,0,0,0:0:0,0,0,0:0:0,0,0,0:0:0,0,0,0:0:0,0,0,0:0:0
29/05/16,17:02:36,+22,1,0,19051,37,8:28:19,34533,75,7:35:29,27206,50,8:53:38,0,0,0:0:0,0,0,0:0:0,0,0,0:0:0,0,0,0:0:0,0,0,0:0:0
29/05/16,17:03:36,+22,1,0,19101,37,8:29:22,34648,75,7:36:32,27256,50,8:54:41,0,0,0:0:0,0,0,0:0:0,0,0,0:0:0,0,0,0:0:0,0,0,0:0:0
29/05/16,17:04:36,+22,1,0,19154,37,8:30:24,34764,75,7:37:34,27307,50,8:55:43,0,0,0:0:0,0,0,0:0:0,0,0,0:0:0,0,0,0:0:0,0,0,0:0:0
29/05/16,17:05:36,+22,1,0,19207,37,8:31:26,34879,76,7:38:36,27358,50,8:56:45,0,0,0:0:0,0,0,0:0:0,0,0,0:0:0,0,0,0:0:0,0,0,0:0:0
29/05/16,17:06:36,+22,1,0,19260,37,8:32:28,34995,76,7:39:38,27408,50,8:57:47,0,0,0:0:0,0,0,0:0:0,0,0,0:0:0,0,0,0:0:0,0,0,0:0:0
29/05/16,17:07:36,+22,1,0,19312,37,8:33:30,35111,76,7:40:40,27459,50,8:58:49,0,0,0:0:0,0,0,0:0:0,0,0,0:0:0,0,0,0:0:0,0,0,0:0:0
29/05/16,17:08:36,+22,1,0,19365,37,8:34:33,35226,76,7:41:43,27510,50,8:59:52,0,0,0:0:0,0,0,0:0:0,0,0,0:0:0,0,0,0:0:0,0,0,0:0:0
29/05/16,17:09:36,+22,1,0,19418,37,8:35:35,35341,76,7:42:45,27560,50,9:0:54,0,0,0:0:0,0,0,0:0:0,0,0,0:0:0,0,0,0:0:0,0,0,0:0:0
29/05/16,17:10:36,+22,1,0,19471,37,8:36:37,35457,76,7:43:47,27611,50,9:1:56,0,0,0:0:0,0,0,0:0:0,0,0,0:0:0,0,0,0:0:0,0,0,0:0:0
29/05/16,17:11:36,+22,1,0,19517,37,8:37:39,35573,76,7:44:49,27661,50,9:2:58,0,0,0:0:0,0,0,0:0:0,0,0,0:0:0,0,0,0:0:0,0,0,0:0:0
29/05/16,17:12:36,+22,1,0,19543,37,8:38:41,35688,76,7:45:51,27712,50,9:4:0,0,0,0:0:0,0,0,0:0:0,0,0,0:0:0,0,0,0:0:0,0,0,0:0:0
29/05/16,17:13:36,+22,1,0,19588,37,8:39:44,35788,76,7:46:54,27762,50,9:5:3,0,0,0:0:0,0,0,0:0:0,0,0,0:0:0,0,0,0:0:0,0,0,0:0:0
29/05/16,17:14:36,+22,1,0,19643,37,8:40:46,35888,76,7:47:56,27812,50,9:6:5,0,0,0:0:0,0,0,0:0:0,0,0,0:0:0,0,0,0:0:0,0,0,0:0:0
29/05/16,17:15:36,+22,1,0,19702,37,8:41:48,35988,76,7:48:58,27863,50,9:7:7,0,0,0:0:0,0,0,0:0:0,0,0,0:0:0,0,0,0:0:0,0,0,0:0:0
29/05/16,17:16:36,+22,1,0,19761,37,8:42:50,36088,76,7:50:0,27913,50,9:8:9,0,0,0:0:0,0,0,0:0:0,0,0,0:0:0,0,0,0:0:0,0,0,0:0:0
29/05/16,17:17:36,+22,1,0,19820,37,8:43:52,36188,76,7:51:2,27964,50,9:9:11,0,0,0:0:0,0,0,0:0:0,0,0,0:0:0,0,0,0:0:0,0,0,0:0:0
29/05/16,17:18:36,+22,1,0,19879,37,8:44:55,36290,76,7:52:5,28014,50,9:10:14,0,0,0:0:0,0,0,0:0:0,0,0,0:0:0,0,0,0:0:0,0,0,0:0:0
29/05/16,17:19:36,+22,1,0,19938,37,8:45:57,36363,76,7:52:57,28065,50,9:11:16,0,0,0:0:0,0,0,0:0:0,0,0,0:0:0,0,0,0:0:0,0,0,0:0:0
29/05/16,17:20:36,+22,1,0,19997,37,8:46:59,36363,76,7:52:57,28115,50,9:12:18,0,0,0:0:0,0,0,0:0:0,0,0,0:0:0,0,0,0:0:0,0,0,0:0:0
29/05/16,17:21:36,+22,1,0,20056,37,8:48:1,36363,76,7:52:57,28165,50,9:13:20,0,0,0:0:0,0,0,0:0:0,0,0,0:0:0,0,0,0:0:0,0,0,0:0:0
29/05/16,17:22:36,+22,1,0,20115,38,8:49:4,36363,76,7:52:57,28215,50,9:14:23,0,0,0:0:0,0,0,0:0:0,0,0,0:0:0,0,0,0:0:0,0,0,0:0:0
29/05/16,17:23:36,+22,1,0,20135,38,8:49:31,36363,76,7:52:57,28258,50,9:15:25,0,0,0:0:0,0,0,0:0:0,0,0,0:0:0,0,0,0:0:0,0,0,0:0:0
29/05/16,17:24:36,+22,1,0,20135,38,8:49:30,36371,76,7:53:40,28262,50,9:15:34,0,0,0:0:0,0,0,0:0:0,0,0,0:0:0,0,0,0:0:0,0,0,0:0:0
29/05/16,17:25:36,+22,1,0,20135,38,8:49:30,36396,76,7:54:42,28272,50,9:15:52,0,0,0:0:0,0,0,0:0:0,0,0,0:0:0,0,0,0:0:0,0,0,0:0:0
29/05/16,17:26:37,+22,1,0,20156,37,8:50:26,36421,76,7:55:44,28286,50,9:16:17,0,0,0:0:0,0,0,0:0:0,0,0,0:0:0,0,0,0:0:0,0,0,0:0:0
29/05/16,17:27:37,+22,1,0,20190,37,8:51:29,36450,76,7:56:46,28286,50,9:16:18,0,0,0:0:0,0,0,0:0:0,0,0,0:0:0,0,0,0:0:0,0,0,0:0:0
29/05/16,17:28:37,+22,1,0,20241,38,8:52:31,36480,76,7:57:48,28323,50,9:17:11,0,0,0:0:0,0,0,0:0:0,0,0,0:0:0,0,0,0:0:0,0,0,0:0:0
29/05/16,17:29:37,+22,1,0,20291,38,8:53:33,36510,76,7:58:51,28374,50,9:18:13,0,0,0:0:0,0,0,0:0:0,0,0,0:0:0,0,0,0:0:0,0,0,0:0:0
29/05/16,17:30:37,+22,1,0,20341,38,8:54:35,36540,76,7:59:53,28424,50,9:19:15,0,0,0:0:0,0,0,0:0:0,0,0,0:0:0,0,0,0:0:0,0,0,0:0:0
29/05/16,17:31:37,+22,1,0,20391,38,8:55:37,36570,76,8:0:55,28475,50,9:20:17,0,0,0:0:0,0,0,0:0:0,0,0,0:0:0,0,0,0:0:0,0,0,0:0:0
29/05/16,17:32:37,+22,1,0,20442,38,8:56:40,36600,75,8:1:57,28525,50,9:21:20,0,0,0:0:0,0,0,0:0:0,0,0,0:0:0,0,0,0:0:0,0,0,0:0:0
29/05/16,17:33:37,+22,1,0,20493,38,8:57:42,36630,75,8:2:59,28577,50,9:22:22,0,0,0:0:0,0,0,0:0:0,0,0,0:0:0,0,0,0:0:0,0,0,0:0:0
29/05/16,17:34:37,+22,1,0,20543,38,8:58:44,36660,75,8:4:2,28627,50,9:23:24,0,0,0:0:0,0,0,0:0:0,0,0,0:0:0,0,0,0:0:0,0,0,0:0:0
29/05/16,17:35:37,+22,1,0,20593,38,8:59:46,36690,75,8:5:4,28678,50,9:24:26,0,0,0:0:0,0,0,0:0:0,0,0,0:0:0,0,0,0:0:0,0,0,0:0:0
29/05/16,17:36:37,+22,1,0,20623,38,9:0:35,36720,75,8:6:6,28729,50,9:25:28,0,0,0:0:0,0,0,0:0:0,0,0,0:0:0,0,0,0:0:0,0,0,0:0:0
29/05/16,17:37:37,+22,1,0,20624,38,9:0:39,36765,75,8:7:8,28779,50,9:26:31,0,0,0:0:0,0,0,0:0:0,0,0,0:0:0,0,0,0:0:0,0,0,0:0:0
29/05/16,17:38:37,+22,1,0,20635,38,9:1:41,36813,75,8:8:10,28830,50,9:27:33,0,0,0:0:0,0,0,0:0:0,0,0,0:0:0,0,0,0:0:0,0,0,0:0:0
29/05/16,17:39:37,+22,1,0,20657,38,9:2:43,36860,75,8:9:13,28881,50,9:28:35,0,0,0:0:0,0,0,0:0:0,0,0,0:0:0,0,0,0:0:0,0,0,0:0:0
29/05/16,17:40:37,+22,1,0,20674,38,9:3:45,36908,75,8:10:15,28931,50,9:29:37,0,0,0:0:0,0,0,0:0:0,0,0,0:0:0,0,0,0:0:0,0,0,0:0:0
29/05/16,17:41:37,+22,1,0,20697,37,9:4:46,36956,75,8:11:17,28981,50,9:30:39,0,0,0:0:0,0,0,0:0:0,0,0,0:0:0,0,0,0:0:0,0,0,0:0:0
29/05/16,17:42:37,+22,1,0,20728,37,9:5:48,37003,75,8:12:19,29032,50,9:31:42,0,0,0:0:0,0,0,0:0:0,0,0,0:0:0,0,0,0:0:0,0,0,0:0:0
29/05/16,17:43:37,+22,1,0,20755,37,9:6:51,37051,75,8:13:21,29083,50,9:32:44,0,0,0:0:0,0,0,0:0:0,0,0,0:0:0,0,0,0:0:0,0,0,0:0:0
29/05/16,17:44:37,+22,1,0,20783,37,9:7:53,37098,75,8:14:24,29134,50,9:33:46,0,0,0:0:0,0,0,0:0:0,0,0,0:0:0,0,0,0:0:0,0,0,0:0:0
29/05/16,17:45:37,+22,1,0,20810,37,9:8:55,37146,74,8:15:26,29184,50,9:34:48,0,0,0:0:0,0,0,0:0:0,0,0,0:0:0,0,0,0:0:0,0,0,0:0:0
29/05/16,17:46:37,+22,1,0,20833,37,9:9:57,37193,74,8:16:28,29235,50,9:35:51,0,0,0:0:0,0,0,0:0:0,0,0,0:0:0,0,0,0:0:0,0,0,0:0:0
29/05/16,17:47:37,+22,1,0,20856,37,9:11:0,37241,74,8:17:30,29286,50,9:36:53,0,0,0:0:0,0,0,0:0:0,0,0,0:0:0,0,0,0:0:0,0,0,0:0:0
29/05/16,17:48:37,+22,1,0,20877,37,9:12:2,37288,74,8:18:33,29336,50,9:37:55,0,0,0:0:0,0,0,0:0:0,0,0,0:0:0,0,0,0:0:0,0,0,0:0:0
29/05/16,17:49:37,+22,1,0,20897,37,9:13:4,37335,74,8:19:35,29387,50,9:38:57,0,0,0:0:0,0,0,0:0:0,0,0,0:0:0,0,0,0:0:0,0,0,0:0:0
29/05/16,17:50:37,+22,1,0,20917,37,9:14:6,37383,74,8:20:37,29438,50,9:39:59,0,0,0:0:0,0,0,0:0:0,0,0,0:0:0,0,0,0:0:0,0,0,0:0:0
29/05/16,17:51:37,+22,1,0,20949,37,9:15:8,37430,74,8:21:39,29488,50,9:41:2,0,0,0:0:0,0,0,0:0:0,0,0,0:0:0,0,0,0:0:0,0,0,0:0:0
29/05/16,17:52:37,+22,1,0,20977,37,9:16:11,37477,74,8:22:41,29539,50,9:42:4,0,0,0:0:0,0,0,0:0:0,0,0,0:0:0,0,0,0:0:0,0,0,0:0:0
29/05/16,17:53:37,+22,1,0,21004,37,9:17:13,37525,74,8:23:44,29590,50,9:43:6,0,0,0:0:0,0,0,0:0:0,0,0,0:0:0,0,0,0:0:0,0,0,0:0:0
29/05/16,17:54:37,+22,1,0,21029,37,9:18:15,37572,74,8:24:46,29641,50,9:44:8,0,0,0:0:0,0,0,0:0:0,0,0,0:0:0,0,0,0:0:0,0,0,0:0:0
29/05/16,17:55:37,+22,1,0,21054,37,9:19:17,37619,74,8:25:48,29692,50,9:45:10,0,0,0:0:0,0,0,0:0:0,0,0,0:0:0,0,0,0:0:0,0,0,0:0:0
29/05/16,17:56:37,+22,1,0,21079,37,9:20:19,37667,74,8:26:50,29742,50,9:46:13,0,0,0:0:0,0,0,0:0:0,0,0,0:0:0,0,0,0:0:0,0,0,0:0:0
29/05/16,17:57:37,+22,1,0,21105,37,9:21:22,37715,74,8:27:52,29794,50,9:47:15,0,0,0:0:0,0,0,0:0:0,0,0,0:0:0,0,0,0:0:0,0,0,0:0:0
29/05/16,17:58:37,+22,1,0,21130,37,9:22:24,37762,74,8:28:55,29844,50,9:48:17,0,0,0:0:0,0,0,0:0:0,0,0,0:0:0,0,0,0:0:0,0,0,0:0:0
29/05/16,17:59:37,+22,1,0,21155,37,9:23:26,37810,74,8:29:57,29895,50,9:49:19,0,0,0:0:0,0,0,0:0:0,0,0,0:0:0,0,0,0:0:0,0,0,0:0:0
29/05/16,18:00:37,+22,1,0,21180,37,9:24:28,37864,74,8:30:59,29946,50,9:50:21,0,0,0:0:0,0,0,0:0:0,0,0,0:0:0,0,0,0:0:0,0,0,0:0:0
29/05/16,18:01:37,+22,1,0,21205,37,9:25:30,37917,74,8:32:1,29997,50,9:51:24,0,0,0:0:0,0,0,0:0:0,0,0,0:0:0,0,0,0:0:0,0,0,0:0:0
29/05/16,18:02:37,+22,1,0,21231,37,9:26:33,37962,73,8:33:3,30047,50,9:52:26,0,0,0:0:0,0,0,0:0:0,0,0,0:0:0,0,0,0:0:0,0,0,0:0:0
29/05/16,18:03:37,+22,1,0,21242,37,9:27:5,38008,73,8:34:6,30098,50,9:53:28,0,0,0:0:0,0,0,0:0:0,0,0,0:0:0,0,0,0:0:0,0,0,0:0:0
29/05/16,18:04:37,+22,1,0,21265,37,9:28:2,38054,73,8:35:8,30148,50,9:54:30,0,0,0:0:0,0,0,0:0:0,0,0,0:0:0,0,0,0:0:0,0,0,0:0:0
29/05/16,18:05:37,+22,1,0,21294,37,9:29:4,38101,73,8:36:10,30199,50,9:55:32,0,0,0:0:0,0,0,0:0:0,0,0,0:0:0,0,0,0:0:0,0,0,0:0:0
29/05/16,18:06:37,+22,1,0,21323,37,9:30:7,38144,73,8:37:12,30250,50,9:56:35,0,0,0:0:0,0,0,0:0:0,0,0,0:0:0,0,0,0:0:0,0,0,0:0:0
29/05/16,18:07:37,+22,1,0,21351,37,9:31:9,38186,73,8:38:14,30301,50,9:57:37,0,0,0:0:0,0,0,0:0:0,0,0,0:0:0,0,0,0:0:0,0,0,0:0:0
29/05/16,18:08:37,+22,1,0,21380,37,9:32:11,38229,73,8:39:17,30351,50,9:58:39,0,0,0:0:0,0,0,0:0:0,0,0,0:0:0,0,0,0:0:0,0,0,0:0:0
29/05/16,18:09:37,+22,1,0,21409,37,9:33:14,38271,73,8:40:19,30402,50,9:59:42,0,0,0:0:0,0,0,0:0:0,0,0,0:0:0,0,0,0:0:0,0,0,0:0:0
29/05/16,18:10:37,+22,1,0,21437,37,9:34:16,38313,73,8:41:21,30453,50,10:0:44,0,0,0:0:0,0,0,0:0:0,0,0,0:0:0,0,0,0:0:0,0,0,0:0:0
29/05/16,18:11:37,+22,1,0,21466,37,9:35:18,38356,73,8:42:23,30504,50,10:1:46,0,0,0:0:0,0,0,0:0:0,0,0,0:0:0,0,0,0:0:0,0,0,0:0:0
29/05/16,18:12:37,+22,1,0,21495,37,9:36:20,38398,73,8:43:26,30555,50,10:2:48,0,0,0:0:0,0,0,0:0:0,0,0,0:0:0,0,0,0:0:0,0,0,0:0:0
29/05/16,18:13:37,+22,1,0,21524,37,9:37:22,38440,73,8:44:28,30606,50,10:3:50,0,0,0:0:0,0,0,0:0:0,0,0,0:0:0,0,0,0:0:0,0,0,0:0:0
29/05/16,18:14:37,+22,1,0,21552,37,9:38:25,38482,73,8:45:30,30658,50,10:4:53,0,0,0:0:0,0,0,0:0:0,0,0,0:0:0,0,0,0:0:0,0,0,0:0:0
29/05/16,18:15:37,+22,1,0,21580,37,9:39:27,38524,73,8:46:32,30709,50,10:5:55,0,0,0:0:0,0,0,0:0:0,0,0,0:0:0,0,0,0:0:0,0,0,0:0:0
29/05/16,18:16:37,+22,1,0,21609,37,9:40:29,38566,73,8:47:34,30759,50,10:6:57,0,0,0:0:0,0,0,0:0:0,0,0,0:0:0,0,0,0:0:0,0,0,0:0:0
29/05/16,18:17:37,+22,1,0,21637,37,9:41:31,38609,73,8:48:37,30810,50,10:7:59,0,0,0:0:0,0,0,0:0:0,0,0,0:0:0,0,0,0:0:0,0,0,0:0:0
29/05/16,18:18:37,+22,1,0,21666,37,9:42:33,38651,72,8:49:39,30861,50,10:9:1,0,0,0:0:0,0,0,0:0:0,0,0,0:0:0,0,0,0:0:0,0,0,0:0:0
29/05/16,18:19:37,+22,1,0,21695,37,9:43:36,38693,72,8:50:41,30912,50,10:10:4,0,0,0:0:0,0,0,0:0:0,0,0,0:0:0,0,0,0:0:0,0,0,0:0:0
29/05/16,18:20:37,+22,1,0,21723,37,9:44:38,38741,72,8:51:43,30963,50,10:11:6,0,0,0:0:0,0,0,0:0:0,0,0,0:0:0,0,0,0:0:0,0,0,0:0:0
29/05/16,18:21:37,+22,1,0,21751,37,9:45:40,38794,72,8:52:46,31013,50,10:12:8,0,0,0:0:0,0,0,0:0:0,0,0,0:0:0,0,0,0:0:0,0,0,0:0:0
29/05/16,18:22:37,+22,1,0,21780,37,9:46:42,38848,72,8:53:48,31064,50,10:13:10,0,0,0:0:0,0,0,0:0:0,0,0,0:0:0,0,0,0:0:0,0,0,0:0:0
29/05/16,18:23:37,+22,1,0,21808,37,9:47:44,38901,72,8:54:50,31115,50,10:14:12,0,0,0:0:0,0,0,0:0:0,0,0,0:0:0,0,0,0:0:0,0,0,0:0:0
29/05/16,18:24:37,+22,1,0,21837,37,9:48:47,38954,72,8:55:52,31166,50,10:15:15,0,0,0:0:0,0,0,0:0:0,0,0,0:0:0,0,0,0:0:0,0,0,0:0:0
29/05/16,18:25:37,+22,1,0,21865,37,9:49:49,39007,72,8:56:54,31217,50,10:16:17,0,0,0:0:0,0,0,0:0:0,0,0,0:0:0,0,0,0:0:0,0,0,0:0:0
29/05/16,18:26:37,+22,1,0,21893,37,9:50:51,39060,72,8:57:56,31267,50,10:17:19,0,0,0:0:0,0,0,0:0:0,0,0,0:0:0,0,0,0:0:0,0,0,0:0:0
29/05/16,18:27:37,+22,1,0,21921,37,9:51:53,39113,72,8:58:59,31318,50,10:18:21,0,0,0:0:0,0,0,0:0:0,0,0,0:0:0,0,0,0:0:0,0,0,0:0:0
29/05/16,18:28:37,+22,1,0,21950,37,9:52:55,39166,72,9:0:1,31369,50,10:19:23,0,0,0:0:0,0,0,0:0:0,0,0,0:0:0,0,0,0:0:0,0,0,0:0:0
29/05/16,18:29:37,+22,1,0,21978,37,9:53:58,39219,72,9:1:3,31420,50,10:20:26,0,0,0:0:0,0,0,0:0:0,0,0,0:0:0,0,0,0:0:0,0,0,0:0:0
29/05/16,18:30:37,+22,1,0,22007,36,9:55:0,39272,72,9:2:5,31471,50,10:21:28,0,0,0:0:0,0,0,0:0:0,0,0,0:0:0,0,0,0:0:0,0,0,0:0:0
29/05/16,18:31:37,+22,1,0,22046,36,9:56:2,39325,72,9:3:7,31522,50,10:22:30,0,0,0:0:0,0,0,0:0:0,0,0,0:0:0,0,0,0:0:0,0,0,0:0:0
29/05/16,18:32:37,+22,1,0,22099,37,9:57:4,39378,72,9:4:10,31560,50,10:23:32,0,0,0:0:0,0,0,0:0:0,0,0,0:0:0,0,0,0:0:0,0,0,0:0:0
29/05/16,18:33:37,+22,1,0,22152,37,9:58:6,39431,72,9:5:12,31582,50,10:24:34,0,0,0:0:0,0,0,0:0:0,0,0,0:0:0,0,0,0:0:0,0,0,0:0:0
